"Estacion","Fecha inicial","Fecha final","NO"
"CENTRO CULTURAL DANIEL MANTILLA ORBEGOZO - PIEDECUESTA","2023-09-17","","11.67526087"
"CENTRO CULTURAL DANIEL MANTILLA ORBEGOZO - PIEDECUESTA","2023-09-16","","9.77245833"
"CENTRO CULTURAL DANIEL MANTILLA ORBEGOZO - PIEDECUESTA","2023-09-15","","13.49033333"
"CENTRO CULTURAL DANIEL MANTILLA ORBEGOZO - PIEDECUESTA","2023-09-14","","13.26226316"
"CENTRO CULTURAL DANIEL MANTILLA ORBEGOZO - PIEDECUESTA","2023-09-13","","13.7755"
"CENTRO CULTURAL DANIEL MANTILLA ORBEGOZO - PIEDECUESTA","2023-09-12","","10.9495"
"CENTRO CULTURAL DANIEL MANTILLA ORBEGOZO - PIEDECUESTA","2023-09-11","","13.10027273"
"CENTRO CULTURAL DANIEL MANTILLA ORBEGOZO - PIEDECUESTA","2023-09-10","","6.20491304"
"CENTRO CULTURAL DANIEL MANTILLA ORBEGOZO - PIEDECUESTA","2023-09-09","","11.14920833"
"CENTRO CULTURAL DANIEL MANTILLA ORBEGOZO - PIEDECUESTA","2023-09-08","","12.41291667"
"CENTRO CULTURAL DANIEL MANTILLA ORBEGOZO - PIEDECUESTA","2023-09-07","","9.149"
"CENTRO CULTURAL DANIEL MANTILLA ORBEGOZO - PIEDECUESTA","2023-09-06","","14.331375"
"CENTRO CULTURAL DANIEL MANTILLA ORBEGOZO - PIEDECUESTA","2023-09-05","","11.94695833"
"CENTRO CULTURAL DANIEL MANTILLA ORBEGOZO - PIEDECUESTA","2023-09-04","","12.61375"
"CENTRO CULTURAL DANIEL MANTILLA ORBEGOZO - PIEDECUESTA","2023-09-03","","7.2613913"
"CENTRO CULTURAL DANIEL MANTILLA ORBEGOZO - PIEDECUESTA","2023-09-02","","7.13641667"
"CENTRO CULTURAL DANIEL MANTILLA ORBEGOZO - PIEDECUESTA","2023-09-01","","12.09404167"
"CENTRO CULTURAL DANIEL MANTILLA ORBEGOZO - PIEDECUESTA","2023-08-31","","11.91752174"
"CENTRO CULTURAL DANIEL MANTILLA ORBEGOZO - PIEDECUESTA","2023-08-30","","6.936"
"CENTRO CULTURAL DANIEL MANTILLA ORBEGOZO - PIEDECUESTA","2023-08-29","","12.043875"
"CENTRO CULTURAL DANIEL MANTILLA ORBEGOZO - PIEDECUESTA","2023-08-28","","10.70691667"
"CENTRO CULTURAL DANIEL MANTILLA ORBEGOZO - PIEDECUESTA","2023-08-27","","4.84495652"
"CENTRO CULTURAL DANIEL MANTILLA ORBEGOZO - PIEDECUESTA","2023-08-26","","8.84295833"
"CENTRO CULTURAL DANIEL MANTILLA ORBEGOZO - PIEDECUESTA","2023-08-25","","11.116625"
"CENTRO CULTURAL DANIEL MANTILLA ORBEGOZO - PIEDECUESTA","2023-08-24","","12.22704167"
"CENTRO CULTURAL DANIEL MANTILLA ORBEGOZO - PIEDECUESTA","2023-08-23","","13.88558333"
"CENTRO CULTURAL DANIEL MANTILLA ORBEGOZO - PIEDECUESTA","2023-08-22","","6.84916667"
"CENTRO CULTURAL DANIEL MANTILLA ORBEGOZO - PIEDECUESTA","2023-08-21","","4.87808333"
"CENTRO CULTURAL DANIEL MANTILLA ORBEGOZO - PIEDECUESTA","2023-08-20","","5.06421739"
"CENTRO CULTURAL DANIEL MANTILLA ORBEGOZO - PIEDECUESTA","2023-08-19","","9.27770833"
"CENTRO CULTURAL DANIEL MANTILLA ORBEGOZO - PIEDECUESTA","2023-08-18","","9.84833333"
"CENTRO CULTURAL DANIEL MANTILLA ORBEGOZO - PIEDECUESTA","2023-08-17","","9.88894444"
"CENTRO CULTURAL DANIEL MANTILLA ORBEGOZO - PIEDECUESTA","2023-08-16","","14.53441667"
"CENTRO CULTURAL DANIEL MANTILLA ORBEGOZO - PIEDECUESTA","2023-08-15","","10.44320833"
"CENTRO CULTURAL DANIEL MANTILLA ORBEGOZO - PIEDECUESTA","2023-08-14","","12.67791667"
"CENTRO CULTURAL DANIEL MANTILLA ORBEGOZO - PIEDECUESTA","2023-08-13","","11.29656522"
"CENTRO CULTURAL DANIEL MANTILLA ORBEGOZO - PIEDECUESTA","2023-08-12","","10.76516667"
"CENTRO CULTURAL DANIEL MANTILLA ORBEGOZO - PIEDECUESTA","2023-08-11","","11.75125"
"CENTRO CULTURAL DANIEL MANTILLA ORBEGOZO - PIEDECUESTA","2023-08-10","","10.085"
"CENTRO CULTURAL DANIEL MANTILLA ORBEGOZO - PIEDECUESTA","2023-08-09","","9.15679167"
"CENTRO CULTURAL DANIEL MANTILLA ORBEGOZO - PIEDECUESTA","2023-08-08","","16.63954167"
"CENTRO CULTURAL DANIEL MANTILLA ORBEGOZO - PIEDECUESTA","2023-08-07","","4.629625"
"CENTRO CULTURAL DANIEL MANTILLA ORBEGOZO - PIEDECUESTA","2023-08-06","","6.82686957"
"CENTRO CULTURAL DANIEL MANTILLA ORBEGOZO - PIEDECUESTA","2023-08-05","","8.65666667"
"CENTRO CULTURAL DANIEL MANTILLA ORBEGOZO - PIEDECUESTA","2023-08-04","","19.694875"
"CENTRO CULTURAL DANIEL MANTILLA ORBEGOZO - PIEDECUESTA","2023-08-03","","7.77304348"
"CENTRO CULTURAL DANIEL MANTILLA ORBEGOZO - PIEDECUESTA","2023-08-02","","13.86816667"
"CENTRO CULTURAL DANIEL MANTILLA ORBEGOZO - PIEDECUESTA","2023-08-01","","18.14195833"
"CENTRO CULTURAL DANIEL MANTILLA ORBEGOZO - PIEDECUESTA","2023-07-31","","17.39433333"
"CENTRO CULTURAL DANIEL MANTILLA ORBEGOZO - PIEDECUESTA","2023-07-30","","8.87056522"
"CENTRO CULTURAL DANIEL MANTILLA ORBEGOZO - PIEDECUESTA","2023-07-29","","17.81366667"
"CENTRO CULTURAL DANIEL MANTILLA ORBEGOZO - PIEDECUESTA","2023-07-28","","25.09645833"
"CENTRO CULTURAL DANIEL MANTILLA ORBEGOZO - PIEDECUESTA","2023-07-27","","11.90216667"
"CENTRO CULTURAL DANIEL MANTILLA ORBEGOZO - PIEDECUESTA","2023-07-26","","10.57254167"
"CENTRO CULTURAL DANIEL MANTILLA ORBEGOZO - PIEDECUESTA","2023-07-25","","9.51108333"
"CENTRO CULTURAL DANIEL MANTILLA ORBEGOZO - PIEDECUESTA","2023-07-24","","10.672625"
"CENTRO CULTURAL DANIEL MANTILLA ORBEGOZO - PIEDECUESTA","2023-07-23","","8.22669565"
"CENTRO CULTURAL DANIEL MANTILLA ORBEGOZO - PIEDECUESTA","2023-07-22","","9.97404167"
"CENTRO CULTURAL DANIEL MANTILLA ORBEGOZO - PIEDECUESTA","2023-07-21","","13.98663636"
"CENTRO CULTURAL DANIEL MANTILLA ORBEGOZO - PIEDECUESTA","2023-07-20","","10.71375"
"CENTRO CULTURAL DANIEL MANTILLA ORBEGOZO - PIEDECUESTA","2023-07-19","","16.1565"
"CENTRO CULTURAL DANIEL MANTILLA ORBEGOZO - PIEDECUESTA","2023-07-18","","15.30516667"
"CENTRO CULTURAL DANIEL MANTILLA ORBEGOZO - PIEDECUESTA","2023-07-17","","14.58754167"
"CENTRO CULTURAL DANIEL MANTILLA ORBEGOZO - PIEDECUESTA","2023-07-16","","10.52513043"
"CENTRO CULTURAL DANIEL MANTILLA ORBEGOZO - PIEDECUESTA","2023-07-15","","12.67408333"
"CENTRO CULTURAL DANIEL MANTILLA ORBEGOZO - PIEDECUESTA","2023-07-14","","16.57356522"
"CENTRO CULTURAL DANIEL MANTILLA ORBEGOZO - PIEDECUESTA","2023-07-13","","19.03308333"
"CENTRO CULTURAL DANIEL MANTILLA ORBEGOZO - PIEDECUESTA","2023-07-12","","15.63970833"
"CENTRO CULTURAL DANIEL MANTILLA ORBEGOZO - PIEDECUESTA","2023-07-11","","18.63729167"
"CENTRO CULTURAL DANIEL MANTILLA ORBEGOZO - PIEDECUESTA","2023-07-10","","15.13475"
"CENTRO CULTURAL DANIEL MANTILLA ORBEGOZO - PIEDECUESTA","2023-07-09","","10.49730435"
"CENTRO CULTURAL DANIEL MANTILLA ORBEGOZO - PIEDECUESTA","2023-07-08","","16.94129167"
"CENTRO CULTURAL DANIEL MANTILLA ORBEGOZO - PIEDECUESTA","2023-07-07","","12.83552174"
"CENTRO CULTURAL DANIEL MANTILLA ORBEGOZO - PIEDECUESTA","2023-07-06","","14.12331818"
"CENTRO CULTURAL DANIEL MANTILLA ORBEGOZO - PIEDECUESTA","2023-07-05","","17.62475"
"CENTRO CULTURAL DANIEL MANTILLA ORBEGOZO - PIEDECUESTA","2023-07-04","","11.36858333"
"CENTRO CULTURAL DANIEL MANTILLA ORBEGOZO - PIEDECUESTA","2023-07-03","","10.60570833"
"CENTRO CULTURAL DANIEL MANTILLA ORBEGOZO - PIEDECUESTA","2023-07-02","","8.20290909"
"CENTRO CULTURAL DANIEL MANTILLA ORBEGOZO - PIEDECUESTA","2023-07-01","","13.44125"
"CENTRO CULTURAL DANIEL MANTILLA ORBEGOZO - PIEDECUESTA","2023-06-30","","13.569375"
"CENTRO CULTURAL DANIEL MANTILLA ORBEGOZO - PIEDECUESTA","2023-06-29","","11.40981481"
"CENTRO CULTURAL DANIEL MANTILLA ORBEGOZO - PIEDECUESTA","2023-06-28","","14.97675"
"CENTRO CULTURAL DANIEL MANTILLA ORBEGOZO - PIEDECUESTA","2023-06-27","","10.87516667"
"CENTRO CULTURAL DANIEL MANTILLA ORBEGOZO - PIEDECUESTA","2023-06-26","","12.1555"
"CENTRO CULTURAL DANIEL MANTILLA ORBEGOZO - PIEDECUESTA","2023-06-25","","11.68265217"
"CENTRO CULTURAL DANIEL MANTILLA ORBEGOZO - PIEDECUESTA","2023-06-24","","7.85583333"
"CENTRO CULTURAL DANIEL MANTILLA ORBEGOZO - PIEDECUESTA","2023-06-23","","18.2184"
"CENTRO CULTURAL DANIEL MANTILLA ORBEGOZO - PIEDECUESTA","2023-06-22","","15.14941176"
"CENTRO CULTURAL DANIEL MANTILLA ORBEGOZO - PIEDECUESTA","2023-06-21","","15.20916667"
"CENTRO CULTURAL DANIEL MANTILLA ORBEGOZO - PIEDECUESTA","2023-06-20","","16.79904167"
"CENTRO CULTURAL DANIEL MANTILLA ORBEGOZO - PIEDECUESTA","2023-06-19","","10.70016667"
"CENTRO CULTURAL DANIEL MANTILLA ORBEGOZO - PIEDECUESTA","2023-06-18","","16.85686957"
"CENTRO CULTURAL DANIEL MANTILLA ORBEGOZO - PIEDECUESTA","2023-06-17","","19.16470833"
"CENTRO CULTURAL DANIEL MANTILLA ORBEGOZO - PIEDECUESTA","2023-06-16","","13.43029167"
"CENTRO CULTURAL DANIEL MANTILLA ORBEGOZO - PIEDECUESTA","2023-06-15","","12.32758333"
"CENTRO CULTURAL DANIEL MANTILLA ORBEGOZO - PIEDECUESTA","2023-06-14","","13.42754167"
"CENTRO CULTURAL DANIEL MANTILLA ORBEGOZO - PIEDECUESTA","2023-06-13","","10.99983333"
"CENTRO CULTURAL DANIEL MANTILLA ORBEGOZO - PIEDECUESTA","2023-06-12","","9.48025"
"CENTRO CULTURAL DANIEL MANTILLA ORBEGOZO - PIEDECUESTA","2023-06-11","","11.35947826"
"CENTRO CULTURAL DANIEL MANTILLA ORBEGOZO - PIEDECUESTA","2023-06-10","","11.438"
"CENTRO CULTURAL DANIEL MANTILLA ORBEGOZO - PIEDECUESTA","2023-06-09","","12.32870833"
"CENTRO CULTURAL DANIEL MANTILLA ORBEGOZO - PIEDECUESTA","2023-06-08","","15.80908696"
"CENTRO CULTURAL DANIEL MANTILLA ORBEGOZO - PIEDECUESTA","2023-06-07","","18.39066667"
"CENTRO CULTURAL DANIEL MANTILLA ORBEGOZO - PIEDECUESTA","2023-06-06","","17.89245833"
"CENTRO CULTURAL DANIEL MANTILLA ORBEGOZO - PIEDECUESTA","2023-06-05","","13.82"
"CENTRO CULTURAL DANIEL MANTILLA ORBEGOZO - PIEDECUESTA","2023-06-04","","7.61095652"
"CENTRO CULTURAL DANIEL MANTILLA ORBEGOZO - PIEDECUESTA","2023-06-03","","9.788625"
"CENTRO CULTURAL DANIEL MANTILLA ORBEGOZO - PIEDECUESTA","2023-06-02","","15.45441667"
"CENTRO CULTURAL DANIEL MANTILLA ORBEGOZO - PIEDECUESTA","2023-06-01","","15.53725"
"CENTRO CULTURAL DANIEL MANTILLA ORBEGOZO - PIEDECUESTA","2023-05-31","","13.54020833"
"CENTRO CULTURAL DANIEL MANTILLA ORBEGOZO - PIEDECUESTA","2023-05-30","","11.74620833"
"CENTRO CULTURAL DANIEL MANTILLA ORBEGOZO - PIEDECUESTA","2023-05-29","","14.27941667"
"CENTRO CULTURAL DANIEL MANTILLA ORBEGOZO - PIEDECUESTA","2023-05-28","","13.0046087"
"CENTRO CULTURAL DANIEL MANTILLA ORBEGOZO - PIEDECUESTA","2023-05-27","","14.03854167"
"CENTRO CULTURAL DANIEL MANTILLA ORBEGOZO - PIEDECUESTA","2023-05-26","","7.99916667"
"CENTRO CULTURAL DANIEL MANTILLA ORBEGOZO - PIEDECUESTA","2023-05-25","","12.87336364"
"CENTRO CULTURAL DANIEL MANTILLA ORBEGOZO - PIEDECUESTA","2023-05-24","","8.96841667"
"CENTRO CULTURAL DANIEL MANTILLA ORBEGOZO - PIEDECUESTA","2023-05-23","","13.45195833"
"CENTRO CULTURAL DANIEL MANTILLA ORBEGOZO - PIEDECUESTA","2023-05-22","","7.042"
"CENTRO CULTURAL DANIEL MANTILLA ORBEGOZO - PIEDECUESTA","2023-05-21","","6.0453913"
"CENTRO CULTURAL DANIEL MANTILLA ORBEGOZO - PIEDECUESTA","2023-05-20","","8.83175"
"CENTRO CULTURAL DANIEL MANTILLA ORBEGOZO - PIEDECUESTA","2023-05-19","","7.44866667"
"CENTRO CULTURAL DANIEL MANTILLA ORBEGOZO - PIEDECUESTA","2023-05-18","","8.70970833"
"CENTRO CULTURAL DANIEL MANTILLA ORBEGOZO - PIEDECUESTA","2023-05-17","","9.280875"
"CENTRO CULTURAL DANIEL MANTILLA ORBEGOZO - PIEDECUESTA","2023-05-16","","15.19266667"
"CENTRO CULTURAL DANIEL MANTILLA ORBEGOZO - PIEDECUESTA","2023-05-15","","13.34845833"
"CENTRO CULTURAL DANIEL MANTILLA ORBEGOZO - PIEDECUESTA","2023-05-14","","10.44456522"
"CENTRO CULTURAL DANIEL MANTILLA ORBEGOZO - PIEDECUESTA","2023-05-13","","11.34308333"
"CENTRO CULTURAL DANIEL MANTILLA ORBEGOZO - PIEDECUESTA","2023-05-12","","12.13116667"
"CENTRO CULTURAL DANIEL MANTILLA ORBEGOZO - PIEDECUESTA","2023-05-11","","9.71980952"
"CENTRO CULTURAL DANIEL MANTILLA ORBEGOZO - PIEDECUESTA","2023-05-10","","10.726"
"CENTRO CULTURAL DANIEL MANTILLA ORBEGOZO - PIEDECUESTA","2023-05-09","","13.66320833"
"CENTRO CULTURAL DANIEL MANTILLA ORBEGOZO - PIEDECUESTA","2023-05-08","","11.18125"
"CENTRO CULTURAL DANIEL MANTILLA ORBEGOZO - PIEDECUESTA","2023-05-07","","10.134"
"CENTRO CULTURAL DANIEL MANTILLA ORBEGOZO - PIEDECUESTA","2023-05-06","","6.41570833"
"CENTRO CULTURAL DANIEL MANTILLA ORBEGOZO - PIEDECUESTA","2023-05-05","","11.44"
"CENTRO CULTURAL DANIEL MANTILLA ORBEGOZO - PIEDECUESTA","2023-05-04","","22.92829167"
"CENTRO CULTURAL DANIEL MANTILLA ORBEGOZO - PIEDECUESTA","2023-05-03","","12.63645833"
"CENTRO CULTURAL DANIEL MANTILLA ORBEGOZO - PIEDECUESTA","2023-05-02","","19.97225"
"CENTRO CULTURAL DANIEL MANTILLA ORBEGOZO - PIEDECUESTA","2023-05-01","","10.690375"
"CENTRO CULTURAL DANIEL MANTILLA ORBEGOZO - PIEDECUESTA","2023-04-30","","10.51747826"
"CENTRO CULTURAL DANIEL MANTILLA ORBEGOZO - PIEDECUESTA","2023-04-29","","12.596"
"CENTRO CULTURAL DANIEL MANTILLA ORBEGOZO - PIEDECUESTA","2023-04-28","","15.02809524"
"CENTRO CULTURAL DANIEL MANTILLA ORBEGOZO - PIEDECUESTA","2023-04-27","","13.415"
"CENTRO CULTURAL DANIEL MANTILLA ORBEGOZO - PIEDECUESTA","2023-04-26","","13.32733333"
"CENTRO CULTURAL DANIEL MANTILLA ORBEGOZO - PIEDECUESTA","2023-04-25","","11.99783333"
"CENTRO CULTURAL DANIEL MANTILLA ORBEGOZO - PIEDECUESTA","2023-04-24","","9.81579167"
"CENTRO CULTURAL DANIEL MANTILLA ORBEGOZO - PIEDECUESTA","2023-04-23","","12.59747826"
"CENTRO CULTURAL DANIEL MANTILLA ORBEGOZO - PIEDECUESTA","2023-04-22","","17.183625"
"CENTRO CULTURAL DANIEL MANTILLA ORBEGOZO - PIEDECUESTA","2023-04-21","","14.31604167"
"CENTRO CULTURAL DANIEL MANTILLA ORBEGOZO - PIEDECUESTA","2023-04-20","","15.54229167"
"CENTRO CULTURAL DANIEL MANTILLA ORBEGOZO - PIEDECUESTA","2023-04-19","","9.73154167"
"CENTRO CULTURAL DANIEL MANTILLA ORBEGOZO - PIEDECUESTA","2023-04-18","","9.509125"
"CENTRO CULTURAL DANIEL MANTILLA ORBEGOZO - PIEDECUESTA","2023-04-17","","9.457"
"CENTRO CULTURAL DANIEL MANTILLA ORBEGOZO - PIEDECUESTA","2023-04-16","","4.412"
"CENTRO CULTURAL DANIEL MANTILLA ORBEGOZO - PIEDECUESTA","2023-04-15","","9.27016667"
"CENTRO CULTURAL DANIEL MANTILLA ORBEGOZO - PIEDECUESTA","2023-04-14","","14.8415"
"CENTRO CULTURAL DANIEL MANTILLA ORBEGOZO - PIEDECUESTA","2023-04-13","","17.66520833"
"CENTRO CULTURAL DANIEL MANTILLA ORBEGOZO - PIEDECUESTA","2023-04-12","","13.10483333"
"CENTRO CULTURAL DANIEL MANTILLA ORBEGOZO - PIEDECUESTA","2023-04-11","","5.699625"
"CENTRO CULTURAL DANIEL MANTILLA ORBEGOZO - PIEDECUESTA","2023-04-10","","12.58052632"
"CENTRO CULTURAL DANIEL MANTILLA ORBEGOZO - PIEDECUESTA","2023-04-09","","6.01270833"
"CENTRO CULTURAL DANIEL MANTILLA ORBEGOZO - PIEDECUESTA","2023-04-08","","6.62508333"
"CENTRO CULTURAL DANIEL MANTILLA ORBEGOZO - PIEDECUESTA","2023-04-07","","3.792875"
"CENTRO CULTURAL DANIEL MANTILLA ORBEGOZO - PIEDECUESTA","2023-04-06","","7.36308333"
"CENTRO CULTURAL DANIEL MANTILLA ORBEGOZO - PIEDECUESTA","2023-04-05","","11.844875"
"CENTRO CULTURAL DANIEL MANTILLA ORBEGOZO - PIEDECUESTA","2023-04-04","","8.12041667"
"CENTRO CULTURAL DANIEL MANTILLA ORBEGOZO - PIEDECUESTA","2023-04-03","","13.12625"
"CENTRO CULTURAL DANIEL MANTILLA ORBEGOZO - PIEDECUESTA","2023-04-02","","7.20208333"
"CENTRO CULTURAL DANIEL MANTILLA ORBEGOZO - PIEDECUESTA","2023-04-01","","6.15866667"
"CENTRO CULTURAL DANIEL MANTILLA ORBEGOZO - PIEDECUESTA","2023-03-31","","12.141375"
"CENTRO CULTURAL DANIEL MANTILLA ORBEGOZO - PIEDECUESTA","2023-03-30","","14.15441667"
"CENTRO CULTURAL DANIEL MANTILLA ORBEGOZO - PIEDECUESTA","2023-03-29","","12.53470833"
"CENTRO CULTURAL DANIEL MANTILLA ORBEGOZO - PIEDECUESTA","2023-03-28","","5.06233333"
"CENTRO CULTURAL DANIEL MANTILLA ORBEGOZO - PIEDECUESTA","2023-03-27","","10.87133333"
"CENTRO CULTURAL DANIEL MANTILLA ORBEGOZO - PIEDECUESTA","2023-03-26","","5.602375"
"CENTRO CULTURAL DANIEL MANTILLA ORBEGOZO - PIEDECUESTA","2023-03-25","","6.663875"
"CENTRO CULTURAL DANIEL MANTILLA ORBEGOZO - PIEDECUESTA","2023-03-24","","10.30320833"
"CENTRO CULTURAL DANIEL MANTILLA ORBEGOZO - PIEDECUESTA","2023-03-23","","10.47125"
"CENTRO CULTURAL DANIEL MANTILLA ORBEGOZO - PIEDECUESTA","2023-03-22","","7.68541667"
"CENTRO CULTURAL DANIEL MANTILLA ORBEGOZO - PIEDECUESTA","2023-03-21","","9.782625"
"CENTRO CULTURAL DANIEL MANTILLA ORBEGOZO - PIEDECUESTA","2023-03-20","","4.286375"
"CENTRO CULTURAL DANIEL MANTILLA ORBEGOZO - PIEDECUESTA","2023-03-19","","3.37254167"
"CENTRO CULTURAL DANIEL MANTILLA ORBEGOZO - PIEDECUESTA","2023-03-18","","10.617625"
"CENTRO CULTURAL DANIEL MANTILLA ORBEGOZO - PIEDECUESTA","2023-03-17","","9.30641667"
"CENTRO CULTURAL DANIEL MANTILLA ORBEGOZO - PIEDECUESTA","2023-03-16","","11.6729"
"CENTRO CULTURAL DANIEL MANTILLA ORBEGOZO - PIEDECUESTA","2023-03-15","","13.87095833"
"CENTRO CULTURAL DANIEL MANTILLA ORBEGOZO - PIEDECUESTA","2023-03-14","","18.68329167"
"CENTRO CULTURAL DANIEL MANTILLA ORBEGOZO - PIEDECUESTA","2023-03-13","","15.05304167"
"CENTRO CULTURAL DANIEL MANTILLA ORBEGOZO - PIEDECUESTA","2023-03-12","","9.17295833"
"CENTRO CULTURAL DANIEL MANTILLA ORBEGOZO - PIEDECUESTA","2023-03-11","","10.94191667"
"CENTRO CULTURAL DANIEL MANTILLA ORBEGOZO - PIEDECUESTA","2023-03-10","","19.22345833"
"CENTRO CULTURAL DANIEL MANTILLA ORBEGOZO - PIEDECUESTA","2023-03-09","","13.33883333"
"CENTRO CULTURAL DANIEL MANTILLA ORBEGOZO - PIEDECUESTA","2023-03-08","","17.13470833"
"CENTRO CULTURAL DANIEL MANTILLA ORBEGOZO - PIEDECUESTA","2023-03-07","","12.22154167"
"CENTRO CULTURAL DANIEL MANTILLA ORBEGOZO - PIEDECUESTA","2023-03-06","","13.985"
"CENTRO CULTURAL DANIEL MANTILLA ORBEGOZO - PIEDECUESTA","2023-03-05","","10.48073913"
"CENTRO CULTURAL DANIEL MANTILLA ORBEGOZO - PIEDECUESTA","2023-03-04","","12.175375"
"CENTRO CULTURAL DANIEL MANTILLA ORBEGOZO - PIEDECUESTA","2023-03-03","","11.76120833"
"CENTRO CULTURAL DANIEL MANTILLA ORBEGOZO - PIEDECUESTA","2023-03-02","","12.93141667"
"CENTRO CULTURAL DANIEL MANTILLA ORBEGOZO - PIEDECUESTA","2023-03-01","","9.81225"
"CENTRO CULTURAL DANIEL MANTILLA ORBEGOZO - PIEDECUESTA","2023-02-28","","10.09725"
"CENTRO CULTURAL DANIEL MANTILLA ORBEGOZO - PIEDECUESTA","2023-02-27","","3.54470833"
"CENTRO CULTURAL DANIEL MANTILLA ORBEGOZO - PIEDECUESTA","2023-02-26","","7.77717391"
"CENTRO CULTURAL DANIEL MANTILLA ORBEGOZO - PIEDECUESTA","2023-02-25","","11.298125"
"CENTRO CULTURAL DANIEL MANTILLA ORBEGOZO - PIEDECUESTA","2023-02-24","","18.510625"
"CENTRO CULTURAL DANIEL MANTILLA ORBEGOZO - PIEDECUESTA","2023-02-23","","13.65720833"
"CENTRO CULTURAL DANIEL MANTILLA ORBEGOZO - PIEDECUESTA","2023-02-22","","16.00154167"
"CENTRO CULTURAL DANIEL MANTILLA ORBEGOZO - PIEDECUESTA","2023-02-21","","6.47179167"
"CENTRO CULTURAL DANIEL MANTILLA ORBEGOZO - PIEDECUESTA","2023-02-20","","7.26620833"
"CENTRO CULTURAL DANIEL MANTILLA ORBEGOZO - PIEDECUESTA","2023-02-19","","6.34026087"
"CENTRO CULTURAL DANIEL MANTILLA ORBEGOZO - PIEDECUESTA","2023-02-18","","8.246625"
"CENTRO CULTURAL DANIEL MANTILLA ORBEGOZO - PIEDECUESTA","2023-02-17","","16.21254167"
"CENTRO CULTURAL DANIEL MANTILLA ORBEGOZO - PIEDECUESTA","2023-02-16","","14.99495833"
"CENTRO CULTURAL DANIEL MANTILLA ORBEGOZO - PIEDECUESTA","2023-02-15","","10.85729167"
"CENTRO CULTURAL DANIEL MANTILLA ORBEGOZO - PIEDECUESTA","2023-02-14","","15.01981818"
"CENTRO CULTURAL DANIEL MANTILLA ORBEGOZO - PIEDECUESTA","2023-02-13","","8.0815"
"CENTRO CULTURAL DANIEL MANTILLA ORBEGOZO - PIEDECUESTA","2023-02-12","","6.62458333"
"CENTRO CULTURAL DANIEL MANTILLA ORBEGOZO - PIEDECUESTA","2023-02-11","","6.73854167"
"CENTRO CULTURAL DANIEL MANTILLA ORBEGOZO - PIEDECUESTA","2023-02-10","","10.065625"
"CENTRO CULTURAL DANIEL MANTILLA ORBEGOZO - PIEDECUESTA","2023-02-09","","10.83775"
"CENTRO CULTURAL DANIEL MANTILLA ORBEGOZO - PIEDECUESTA","2023-02-08","","11.09304167"
"CENTRO CULTURAL DANIEL MANTILLA ORBEGOZO - PIEDECUESTA","2023-02-07","","12.14758333"
"CENTRO CULTURAL DANIEL MANTILLA ORBEGOZO - PIEDECUESTA","2023-02-06","","21.3469"
"CENTRO CULTURAL DANIEL MANTILLA ORBEGOZO - PIEDECUESTA","2023-02-05","","8.23675"
"CENTRO CULTURAL DANIEL MANTILLA ORBEGOZO - PIEDECUESTA","2023-02-04","","13.73533333"
"CENTRO CULTURAL DANIEL MANTILLA ORBEGOZO - PIEDECUESTA","2023-02-03","","11.038"
"CENTRO CULTURAL DANIEL MANTILLA ORBEGOZO - PIEDECUESTA","2023-02-02","","41.8985"
"CENTRO CULTURAL DANIEL MANTILLA ORBEGOZO - PIEDECUESTA","2023-02-01","","17.80666667"
"CENTRO CULTURAL DANIEL MANTILLA ORBEGOZO - PIEDECUESTA","2023-01-31","","11.94675"
"CENTRO CULTURAL DANIEL MANTILLA ORBEGOZO - PIEDECUESTA","2023-01-30","","16.39141667"
"CENTRO CULTURAL DANIEL MANTILLA ORBEGOZO - PIEDECUESTA","2023-01-29","","14.74854167"
"CENTRO CULTURAL DANIEL MANTILLA ORBEGOZO - PIEDECUESTA","2023-01-28","","21.47783333"
"CENTRO CULTURAL DANIEL MANTILLA ORBEGOZO - PIEDECUESTA","2023-01-27","","25.51075"
"CENTRO CULTURAL DANIEL MANTILLA ORBEGOZO - PIEDECUESTA","2023-01-26","","31.38691667"
"CENTRO CULTURAL DANIEL MANTILLA ORBEGOZO - PIEDECUESTA","2023-01-25","","21.422125"
"CENTRO CULTURAL DANIEL MANTILLA ORBEGOZO - PIEDECUESTA","2023-01-24","","22.382875"
"CENTRO CULTURAL DANIEL MANTILLA ORBEGOZO - PIEDECUESTA","2023-01-23","","20.79216667"
"CENTRO CULTURAL DANIEL MANTILLA ORBEGOZO - PIEDECUESTA","2023-01-22","","13.42879167"
"CENTRO CULTURAL DANIEL MANTILLA ORBEGOZO - PIEDECUESTA","2023-01-21","","13.97916667"
"CENTRO CULTURAL DANIEL MANTILLA ORBEGOZO - PIEDECUESTA","2023-01-20","","15.133375"
"CENTRO CULTURAL DANIEL MANTILLA ORBEGOZO - PIEDECUESTA","2023-01-19","","16.39775"
"CENTRO CULTURAL DANIEL MANTILLA ORBEGOZO - PIEDECUESTA","2023-01-18","","15.134375"
"CENTRO CULTURAL DANIEL MANTILLA ORBEGOZO - PIEDECUESTA","2023-01-17","","11.9755"
"CENTRO CULTURAL DANIEL MANTILLA ORBEGOZO - PIEDECUESTA","2023-01-16","","7.88165217"
"CENTRO CULTURAL DANIEL MANTILLA ORBEGOZO - PIEDECUESTA","2023-01-15","","7.54947826"
"CENTRO CULTURAL DANIEL MANTILLA ORBEGOZO - PIEDECUESTA","2023-01-14","","15.138625"
"CENTRO CULTURAL DANIEL MANTILLA ORBEGOZO - PIEDECUESTA","2023-01-13","","14.870875"
"CENTRO CULTURAL DANIEL MANTILLA ORBEGOZO - PIEDECUESTA","2023-01-12","","20.10891304"
"CENTRO CULTURAL DANIEL MANTILLA ORBEGOZO - PIEDECUESTA","2023-01-11","","13.935125"
"CENTRO CULTURAL DANIEL MANTILLA ORBEGOZO - PIEDECUESTA","2023-01-10","","9.82720833"
"CENTRO CULTURAL DANIEL MANTILLA ORBEGOZO - PIEDECUESTA","2023-01-09","","8.1496087"
"CENTRO CULTURAL DANIEL MANTILLA ORBEGOZO - PIEDECUESTA","2023-01-08","","12.04640909"
"CENTRO CULTURAL DANIEL MANTILLA ORBEGOZO - PIEDECUESTA","2023-01-07","","12.58333333"
"CENTRO CULTURAL DANIEL MANTILLA ORBEGOZO - PIEDECUESTA","2023-01-06","","12.65833333"
"CENTRO CULTURAL DANIEL MANTILLA ORBEGOZO - PIEDECUESTA","2023-01-05","","20.75416667"
"CENTRO CULTURAL DANIEL MANTILLA ORBEGOZO - PIEDECUESTA","2023-01-04","","20.59565217"
"CENTRO CULTURAL DANIEL MANTILLA ORBEGOZO - PIEDECUESTA","2023-01-03","","20.42916667"
"CENTRO CULTURAL DANIEL MANTILLA ORBEGOZO - PIEDECUESTA","2023-01-02","","16.00833333"
"CENTRO CULTURAL DANIEL MANTILLA ORBEGOZO - PIEDECUESTA","2023-01-01","","3.62608696"
"CENTRO CULTURAL DANIEL MANTILLA ORBEGOZO - PIEDECUESTA","2022-12-31","","14.90282609"
"CENTRO CULTURAL DANIEL MANTILLA ORBEGOZO - PIEDECUESTA","2022-12-30","","18.16733333"
"CENTRO CULTURAL DANIEL MANTILLA ORBEGOZO - PIEDECUESTA","2022-12-29","","11.12320833"
"CENTRO CULTURAL DANIEL MANTILLA ORBEGOZO - PIEDECUESTA","2022-12-28","","10.40379167"
"CENTRO CULTURAL DANIEL MANTILLA ORBEGOZO - PIEDECUESTA","2022-12-27","","18.63329167"
"CENTRO CULTURAL DANIEL MANTILLA ORBEGOZO - PIEDECUESTA","2022-12-26","","15.13833333"
"CENTRO CULTURAL DANIEL MANTILLA ORBEGOZO - PIEDECUESTA","2022-12-25","","10.17975"
"CENTRO CULTURAL DANIEL MANTILLA ORBEGOZO - PIEDECUESTA","2022-12-24","","18.343875"
"CENTRO CULTURAL DANIEL MANTILLA ORBEGOZO - PIEDECUESTA","2022-12-23","","19.69816667"
"CENTRO CULTURAL DANIEL MANTILLA ORBEGOZO - PIEDECUESTA","2022-12-22","","16.6165"
"CENTRO CULTURAL DANIEL MANTILLA ORBEGOZO - PIEDECUESTA","2022-12-21","","20.58604167"
"CENTRO CULTURAL DANIEL MANTILLA ORBEGOZO - PIEDECUESTA","2022-12-20","","18.40191667"
"CENTRO CULTURAL DANIEL MANTILLA ORBEGOZO - PIEDECUESTA","2022-12-19","","13.705125"
"CENTRO CULTURAL DANIEL MANTILLA ORBEGOZO - PIEDECUESTA","2022-12-18","","11.46608333"
"CENTRO CULTURAL DANIEL MANTILLA ORBEGOZO - PIEDECUESTA","2022-12-17","","22.54383333"
"CENTRO CULTURAL DANIEL MANTILLA ORBEGOZO - PIEDECUESTA","2022-12-16","","19.39408333"
"CENTRO CULTURAL DANIEL MANTILLA ORBEGOZO - PIEDECUESTA","2022-12-15","","22.34679167"
"CENTRO CULTURAL DANIEL MANTILLA ORBEGOZO - PIEDECUESTA","2022-12-14","","22.33591667"
"CENTRO CULTURAL DANIEL MANTILLA ORBEGOZO - PIEDECUESTA","2022-12-13","","16.19779167"
"CENTRO CULTURAL DANIEL MANTILLA ORBEGOZO - PIEDECUESTA","2022-12-12","","23.37378947"
"CENTRO CULTURAL DANIEL MANTILLA ORBEGOZO - PIEDECUESTA","2022-12-11","","12.25620833"
"CENTRO CULTURAL DANIEL MANTILLA ORBEGOZO - PIEDECUESTA","2022-12-10","","10.91191667"
"CENTRO CULTURAL DANIEL MANTILLA ORBEGOZO - PIEDECUESTA","2022-12-09","","16.23681818"
"CENTRO CULTURAL DANIEL MANTILLA ORBEGOZO - PIEDECUESTA","2022-12-08","","20.37591667"
"CENTRO CULTURAL DANIEL MANTILLA ORBEGOZO - PIEDECUESTA","2022-12-07","","19.66258333"
"CENTRO CULTURAL DANIEL MANTILLA ORBEGOZO - PIEDECUESTA","2022-12-06","","13.43920833"
"CENTRO CULTURAL DANIEL MANTILLA ORBEGOZO - PIEDECUESTA","2022-12-05","","13.16545833"
"CENTRO CULTURAL DANIEL MANTILLA ORBEGOZO - PIEDECUESTA","2022-12-04","","14.296125"
"CENTRO CULTURAL DANIEL MANTILLA ORBEGOZO - PIEDECUESTA","2022-12-03","","19.68016667"
"CENTRO CULTURAL DANIEL MANTILLA ORBEGOZO - PIEDECUESTA","2022-12-02","","22.03991667"
"CENTRO CULTURAL DANIEL MANTILLA ORBEGOZO - PIEDECUESTA","2022-12-01","","18.051"
"CENTRO CULTURAL DANIEL MANTILLA ORBEGOZO - PIEDECUESTA","2022-11-30","","14.25858333"
"CENTRO CULTURAL DANIEL MANTILLA ORBEGOZO - PIEDECUESTA","2022-11-29","","15.48891667"
"CENTRO CULTURAL DANIEL MANTILLA ORBEGOZO - PIEDECUESTA","2022-11-28","","16.01966667"
"CENTRO CULTURAL DANIEL MANTILLA ORBEGOZO - PIEDECUESTA","2022-11-27","","17.528875"
"CENTRO CULTURAL DANIEL MANTILLA ORBEGOZO - PIEDECUESTA","2022-11-26","","17.62785714"
"CENTRO CULTURAL DANIEL MANTILLA ORBEGOZO - PIEDECUESTA","2022-11-25","","15.10359091"
"CENTRO CULTURAL DANIEL MANTILLA ORBEGOZO - PIEDECUESTA","2022-11-24","","15.2783125"
"CENTRO CULTURAL DANIEL MANTILLA ORBEGOZO - PIEDECUESTA","2022-11-23","","19.89825"
"CENTRO CULTURAL DANIEL MANTILLA ORBEGOZO - PIEDECUESTA","2022-11-22","","14.03854167"
"CENTRO CULTURAL DANIEL MANTILLA ORBEGOZO - PIEDECUESTA","2022-11-21","","16.53658333"
"CENTRO CULTURAL DANIEL MANTILLA ORBEGOZO - PIEDECUESTA","2022-11-20","","20.897"
"CENTRO CULTURAL DANIEL MANTILLA ORBEGOZO - PIEDECUESTA","2022-11-19","","20.22366667"
"CENTRO CULTURAL DANIEL MANTILLA ORBEGOZO - PIEDECUESTA","2022-11-18","","40.534375"
"CENTRO CULTURAL DANIEL MANTILLA ORBEGOZO - PIEDECUESTA","2022-11-17","","31.39841667"
"CENTRO CULTURAL DANIEL MANTILLA ORBEGOZO - PIEDECUESTA","2022-11-16","","23.57695833"
"CENTRO CULTURAL DANIEL MANTILLA ORBEGOZO - PIEDECUESTA","2022-11-15","","15.86720833"
"CENTRO CULTURAL DANIEL MANTILLA ORBEGOZO - PIEDECUESTA","2022-11-14","","6.62408333"
"CENTRO CULTURAL DANIEL MANTILLA ORBEGOZO - PIEDECUESTA","2022-11-13","","11.63441667"
"CENTRO CULTURAL DANIEL MANTILLA ORBEGOZO - PIEDECUESTA","2022-11-12","","16.73466667"
"CENTRO CULTURAL DANIEL MANTILLA ORBEGOZO - PIEDECUESTA","2022-11-11","","22.52141667"
"CENTRO CULTURAL DANIEL MANTILLA ORBEGOZO - PIEDECUESTA","2022-11-10","","20.535625"
"CENTRO CULTURAL DANIEL MANTILLA ORBEGOZO - PIEDECUESTA","2022-11-09","","13.85079167"
"CENTRO CULTURAL DANIEL MANTILLA ORBEGOZO - PIEDECUESTA","2022-11-08","","11.62879167"
"CENTRO CULTURAL DANIEL MANTILLA ORBEGOZO - PIEDECUESTA","2022-11-07","","8.93452381"
"CENTRO CULTURAL DANIEL MANTILLA ORBEGOZO - PIEDECUESTA","2022-11-06","","9.68120833"
"CENTRO CULTURAL DANIEL MANTILLA ORBEGOZO - PIEDECUESTA","2022-11-05","","11.40933333"
"CENTRO CULTURAL DANIEL MANTILLA ORBEGOZO - PIEDECUESTA","2022-11-04","","14.84816667"
"CENTRO CULTURAL DANIEL MANTILLA ORBEGOZO - PIEDECUESTA","2022-11-03","","25.202375"
"CENTRO CULTURAL DANIEL MANTILLA ORBEGOZO - PIEDECUESTA","2022-11-02","","23.20429167"
"CENTRO CULTURAL DANIEL MANTILLA ORBEGOZO - PIEDECUESTA","2022-11-01","","14.30778947"
"CENTRO CULTURAL DANIEL MANTILLA ORBEGOZO - PIEDECUESTA","2022-10-31","","18.388"
"CENTRO CULTURAL DANIEL MANTILLA ORBEGOZO - PIEDECUESTA","2022-10-30","","22.65291667"
"CENTRO CULTURAL DANIEL MANTILLA ORBEGOZO - PIEDECUESTA","2022-10-29","","21.08691667"
"CENTRO CULTURAL DANIEL MANTILLA ORBEGOZO - PIEDECUESTA","2022-10-28","","18.06004762"
"CENTRO CULTURAL DANIEL MANTILLA ORBEGOZO - PIEDECUESTA","2022-10-27","","21.78945833"
"CENTRO CULTURAL DANIEL MANTILLA ORBEGOZO - PIEDECUESTA","2022-10-26","","23.9769"
"CENTRO CULTURAL DANIEL MANTILLA ORBEGOZO - PIEDECUESTA","2022-10-25","","14.37995833"
"CENTRO CULTURAL DANIEL MANTILLA ORBEGOZO - PIEDECUESTA","2022-10-24","","11.47991667"
"CENTRO CULTURAL DANIEL MANTILLA ORBEGOZO - PIEDECUESTA","2022-10-23","","11.94525"
"CENTRO CULTURAL DANIEL MANTILLA ORBEGOZO - PIEDECUESTA","2022-10-22","","12.294875"
"CENTRO CULTURAL DANIEL MANTILLA ORBEGOZO - PIEDECUESTA","2022-10-21","","25.84066667"
"CENTRO CULTURAL DANIEL MANTILLA ORBEGOZO - PIEDECUESTA","2022-10-20","","24.33366667"
"CENTRO CULTURAL DANIEL MANTILLA ORBEGOZO - PIEDECUESTA","2022-10-19","","17.384125"
"CENTRO CULTURAL DANIEL MANTILLA ORBEGOZO - PIEDECUESTA","2022-10-18","","16.89041667"
"CENTRO CULTURAL DANIEL MANTILLA ORBEGOZO - PIEDECUESTA","2022-10-17","","9.74016667"
"CENTRO CULTURAL DANIEL MANTILLA ORBEGOZO - PIEDECUESTA","2022-10-16","","15.18354167"
"CENTRO CULTURAL DANIEL MANTILLA ORBEGOZO - PIEDECUESTA","2022-10-15","","18.23025"
"CENTRO CULTURAL DANIEL MANTILLA ORBEGOZO - PIEDECUESTA","2022-10-14","","19.36283333"
"CENTRO CULTURAL DANIEL MANTILLA ORBEGOZO - PIEDECUESTA","2022-10-13","","20.56945833"
"CENTRO CULTURAL DANIEL MANTILLA ORBEGOZO - PIEDECUESTA","2022-10-12","","23.83645833"
"CENTRO CULTURAL DANIEL MANTILLA ORBEGOZO - PIEDECUESTA","2022-10-11","","24.13670833"
"CENTRO CULTURAL DANIEL MANTILLA ORBEGOZO - PIEDECUESTA","2022-10-10","","18.52575"
"CENTRO CULTURAL DANIEL MANTILLA ORBEGOZO - PIEDECUESTA","2022-10-09","","9.80826087"
"CENTRO CULTURAL DANIEL MANTILLA ORBEGOZO - PIEDECUESTA","2022-10-08","","13.68533333"
"CENTRO CULTURAL DANIEL MANTILLA ORBEGOZO - PIEDECUESTA","2022-10-07","","20.95720833"
"CENTRO CULTURAL DANIEL MANTILLA ORBEGOZO - PIEDECUESTA","2022-10-06","","17.88454167"
"CENTRO CULTURAL DANIEL MANTILLA ORBEGOZO - PIEDECUESTA","2022-10-05","","10.910125"
"CENTRO CULTURAL DANIEL MANTILLA ORBEGOZO - PIEDECUESTA","2022-10-04","","21.83933333"
"CENTRO CULTURAL DANIEL MANTILLA ORBEGOZO - PIEDECUESTA","2022-10-03","","28.17879167"
"CENTRO CULTURAL DANIEL MANTILLA ORBEGOZO - PIEDECUESTA","2022-10-02","","7.203"
"CENTRO CULTURAL DANIEL MANTILLA ORBEGOZO - PIEDECUESTA","2022-09-28","","17.54821429"
"CENTRO CULTURAL DANIEL MANTILLA ORBEGOZO - PIEDECUESTA","2022-09-27","","16.981875"
"CENTRO CULTURAL DANIEL MANTILLA ORBEGOZO - PIEDECUESTA","2022-09-26","","21.00075"
"CENTRO CULTURAL DANIEL MANTILLA ORBEGOZO - PIEDECUESTA","2022-09-25","","12.00413043"
"CENTRO CULTURAL DANIEL MANTILLA ORBEGOZO - PIEDECUESTA","2022-09-24","","9.89475"
"CENTRO CULTURAL DANIEL MANTILLA ORBEGOZO - PIEDECUESTA","2022-09-23","","15.96525"
"CENTRO CULTURAL DANIEL MANTILLA ORBEGOZO - PIEDECUESTA","2022-09-22","","21.16695833"
"CENTRO CULTURAL DANIEL MANTILLA ORBEGOZO - PIEDECUESTA","2022-09-21","","15.05879167"
"CENTRO CULTURAL DANIEL MANTILLA ORBEGOZO - PIEDECUESTA","2022-09-20","","17.83870833"
"CENTRO CULTURAL DANIEL MANTILLA ORBEGOZO - PIEDECUESTA","2022-09-19","","15.53495833"
"CENTRO CULTURAL DANIEL MANTILLA ORBEGOZO - PIEDECUESTA","2022-09-18","","10.86117391"
"CENTRO CULTURAL DANIEL MANTILLA ORBEGOZO - PIEDECUESTA","2022-09-17","","21.36279167"
"CENTRO CULTURAL DANIEL MANTILLA ORBEGOZO - PIEDECUESTA","2022-09-16","","17.45258333"
"CENTRO CULTURAL DANIEL MANTILLA ORBEGOZO - PIEDECUESTA","2022-09-15","","19.9855"
"CENTRO CULTURAL DANIEL MANTILLA ORBEGOZO - PIEDECUESTA","2022-09-14","","13.89133333"
"CENTRO CULTURAL DANIEL MANTILLA ORBEGOZO - PIEDECUESTA","2022-09-13","","10.84558333"
"CENTRO CULTURAL DANIEL MANTILLA ORBEGOZO - PIEDECUESTA","2022-09-12","","19.46979167"
"CENTRO CULTURAL DANIEL MANTILLA ORBEGOZO - PIEDECUESTA","2022-09-11","","12.43352174"
"CENTRO CULTURAL DANIEL MANTILLA ORBEGOZO - PIEDECUESTA","2022-09-10","","18.39925"
"CENTRO CULTURAL DANIEL MANTILLA ORBEGOZO - PIEDECUESTA","2022-09-09","","17.63008333"
"CENTRO CULTURAL DANIEL MANTILLA ORBEGOZO - PIEDECUESTA","2022-09-08","","14.095875"
"CENTRO CULTURAL DANIEL MANTILLA ORBEGOZO - PIEDECUESTA","2022-09-07","","22.50716667"
"CENTRO CULTURAL DANIEL MANTILLA ORBEGOZO - PIEDECUESTA","2022-09-06","","12.24520833"
"CENTRO CULTURAL DANIEL MANTILLA ORBEGOZO - PIEDECUESTA","2022-09-05","","20.866"
"CENTRO CULTURAL DANIEL MANTILLA ORBEGOZO - PIEDECUESTA","2022-09-04","","13.59382609"
"CENTRO CULTURAL DANIEL MANTILLA ORBEGOZO - PIEDECUESTA","2022-09-03","","11.96566667"
"CENTRO CULTURAL DANIEL MANTILLA ORBEGOZO - PIEDECUESTA","2022-09-02","","13.644"
"CENTRO CULTURAL DANIEL MANTILLA ORBEGOZO - PIEDECUESTA","2022-09-01","","6.155"
"CENTRO CULTURAL DANIEL MANTILLA ORBEGOZO - PIEDECUESTA","2022-08-31","","18.32173913"
"CENTRO CULTURAL DANIEL MANTILLA ORBEGOZO - PIEDECUESTA","2022-08-30","","18.83333333"
"CENTRO CULTURAL DANIEL MANTILLA ORBEGOZO - PIEDECUESTA","2022-08-29","","19.34583333"
"CENTRO CULTURAL DANIEL MANTILLA ORBEGOZO - PIEDECUESTA","2022-08-28","","9.33333333"
"CENTRO CULTURAL DANIEL MANTILLA ORBEGOZO - PIEDECUESTA","2022-08-27","","20.69583333"
"CENTRO CULTURAL DANIEL MANTILLA ORBEGOZO - PIEDECUESTA","2022-08-26","","21.29583333"
"CENTRO CULTURAL DANIEL MANTILLA ORBEGOZO - PIEDECUESTA","2022-08-25","","16.525"
"CENTRO CULTURAL DANIEL MANTILLA ORBEGOZO - PIEDECUESTA","2022-08-24","","26.40416667"
"CENTRO CULTURAL DANIEL MANTILLA ORBEGOZO - PIEDECUESTA","2022-08-23","","18.39583333"
"CENTRO CULTURAL DANIEL MANTILLA ORBEGOZO - PIEDECUESTA","2022-08-22","","19.67916667"
"CENTRO CULTURAL DANIEL MANTILLA ORBEGOZO - PIEDECUESTA","2022-08-21","","12.4625"
"CENTRO CULTURAL DANIEL MANTILLA ORBEGOZO - PIEDECUESTA","2022-08-20","","11.775"
"CENTRO CULTURAL DANIEL MANTILLA ORBEGOZO - PIEDECUESTA","2022-08-19","","24.41666667"
"CENTRO CULTURAL DANIEL MANTILLA ORBEGOZO - PIEDECUESTA","2022-08-18","","27.2125"
"CENTRO CULTURAL DANIEL MANTILLA ORBEGOZO - PIEDECUESTA","2022-08-17","","22.74583333"
"CENTRO CULTURAL DANIEL MANTILLA ORBEGOZO - PIEDECUESTA","2022-08-16","","19.87916667"
"CENTRO CULTURAL DANIEL MANTILLA ORBEGOZO - PIEDECUESTA","2022-08-15","","15.55416667"
"CENTRO CULTURAL DANIEL MANTILLA ORBEGOZO - PIEDECUESTA","2022-08-14","","15.775"
"CENTRO CULTURAL DANIEL MANTILLA ORBEGOZO - PIEDECUESTA","2022-08-13","","20.0625"
"CENTRO CULTURAL DANIEL MANTILLA ORBEGOZO - PIEDECUESTA","2022-08-12","","14.32916667"
"CENTRO CULTURAL DANIEL MANTILLA ORBEGOZO - PIEDECUESTA","2022-08-11","","22.2875"
"CENTRO CULTURAL DANIEL MANTILLA ORBEGOZO - PIEDECUESTA","2022-08-10","","18.23333333"
"CENTRO CULTURAL DANIEL MANTILLA ORBEGOZO - PIEDECUESTA","2022-08-09","","22.22916667"
"CENTRO CULTURAL DANIEL MANTILLA ORBEGOZO - PIEDECUESTA","2022-08-08","","18.05833333"
"CENTRO CULTURAL DANIEL MANTILLA ORBEGOZO - PIEDECUESTA","2022-08-07","","15.25416667"
"CENTRO CULTURAL DANIEL MANTILLA ORBEGOZO - PIEDECUESTA","2022-08-06","","16.675"
"CENTRO CULTURAL DANIEL MANTILLA ORBEGOZO - PIEDECUESTA","2022-08-05","","18.7375"
"CENTRO CULTURAL DANIEL MANTILLA ORBEGOZO - PIEDECUESTA","2022-08-04","","22.49166667"
"CENTRO CULTURAL DANIEL MANTILLA ORBEGOZO - PIEDECUESTA","2022-08-03","","25.59166667"
"CENTRO CULTURAL DANIEL MANTILLA ORBEGOZO - PIEDECUESTA","2022-08-02","","18.39166667"
"CENTRO CULTURAL DANIEL MANTILLA ORBEGOZO - PIEDECUESTA","2022-08-01","","18.25416667"
"CENTRO CULTURAL DANIEL MANTILLA ORBEGOZO - PIEDECUESTA","2022-07-31","","19.50434783"
"CENTRO CULTURAL DANIEL MANTILLA ORBEGOZO - PIEDECUESTA","2022-07-30","","20.12083333"
"CENTRO CULTURAL DANIEL MANTILLA ORBEGOZO - PIEDECUESTA","2022-07-29","","33.73333333"
"CENTRO CULTURAL DANIEL MANTILLA ORBEGOZO - PIEDECUESTA","2022-07-27","","18.36875"
"CENTRO CULTURAL DANIEL MANTILLA ORBEGOZO - PIEDECUESTA","2022-07-26","","13.09166667"
"CENTRO CULTURAL DANIEL MANTILLA ORBEGOZO - PIEDECUESTA","2022-07-25","","14.82916667"
"CENTRO CULTURAL DANIEL MANTILLA ORBEGOZO - PIEDECUESTA","2022-07-24","","6.32083333"
"CENTRO CULTURAL DANIEL MANTILLA ORBEGOZO - PIEDECUESTA","2022-07-23","","16.925"
"CENTRO CULTURAL DANIEL MANTILLA ORBEGOZO - PIEDECUESTA","2022-07-22","","19.97916667"
"CENTRO CULTURAL DANIEL MANTILLA ORBEGOZO - PIEDECUESTA","2022-07-21","","17.875"
"CENTRO CULTURAL DANIEL MANTILLA ORBEGOZO - PIEDECUESTA","2022-07-20","","10.6125"
"CENTRO CULTURAL DANIEL MANTILLA ORBEGOZO - PIEDECUESTA","2022-07-19","","19.87083333"
"CENTRO CULTURAL DANIEL MANTILLA ORBEGOZO - PIEDECUESTA","2022-07-18","","12.61666667"
"CENTRO CULTURAL DANIEL MANTILLA ORBEGOZO - PIEDECUESTA","2022-07-17","","12.23571429"
"CENTRO CULTURAL DANIEL MANTILLA ORBEGOZO - PIEDECUESTA","2022-07-16","","17.94583333"
"CENTRO CULTURAL DANIEL MANTILLA ORBEGOZO - PIEDECUESTA","2022-07-15","","16.09166667"
"CENTRO CULTURAL DANIEL MANTILLA ORBEGOZO - PIEDECUESTA","2022-07-14","","21.1875"
"CENTRO CULTURAL DANIEL MANTILLA ORBEGOZO - PIEDECUESTA","2022-07-13","","15.60833333"
"CENTRO CULTURAL DANIEL MANTILLA ORBEGOZO - PIEDECUESTA","2022-07-12","","27.65"
"CENTRO CULTURAL DANIEL MANTILLA ORBEGOZO - PIEDECUESTA","2022-07-11","","16.7625"
"CENTRO CULTURAL DANIEL MANTILLA ORBEGOZO - PIEDECUESTA","2022-07-10","","14.53333333"
"CENTRO CULTURAL DANIEL MANTILLA ORBEGOZO - PIEDECUESTA","2022-07-09","","17.31666667"
"CENTRO CULTURAL DANIEL MANTILLA ORBEGOZO - PIEDECUESTA","2022-07-08","","14.25"
"CENTRO CULTURAL DANIEL MANTILLA ORBEGOZO - PIEDECUESTA","2022-07-07","","23.5375"
"CENTRO CULTURAL DANIEL MANTILLA ORBEGOZO - PIEDECUESTA","2022-07-06","","26.64583333"
"CENTRO CULTURAL DANIEL MANTILLA ORBEGOZO - PIEDECUESTA","2022-07-05","","19.79583333"
"CENTRO CULTURAL DANIEL MANTILLA ORBEGOZO - PIEDECUESTA","2022-07-04","","13.4375"
"CENTRO CULTURAL DANIEL MANTILLA ORBEGOZO - PIEDECUESTA","2022-07-03","","15.69166667"
"CENTRO CULTURAL DANIEL MANTILLA ORBEGOZO - PIEDECUESTA","2022-07-02","","14.39583333"
"CENTRO CULTURAL DANIEL MANTILLA ORBEGOZO - PIEDECUESTA","2022-07-01","","15.875"
"CENTRO CULTURAL DANIEL MANTILLA ORBEGOZO - PIEDECUESTA","2022-06-30","","20.75652174"
"CENTRO CULTURAL DANIEL MANTILLA ORBEGOZO - PIEDECUESTA","2022-06-29","","17.56666667"
"CENTRO CULTURAL DANIEL MANTILLA ORBEGOZO - PIEDECUESTA","2022-06-28","","19.55"
"CENTRO CULTURAL DANIEL MANTILLA ORBEGOZO - PIEDECUESTA","2022-06-27","","9.63333333"
"CENTRO CULTURAL DANIEL MANTILLA ORBEGOZO - PIEDECUESTA","2022-06-26","","8.475"
"CENTRO CULTURAL DANIEL MANTILLA ORBEGOZO - PIEDECUESTA","2022-06-25","","15.77083333"
"CENTRO CULTURAL DANIEL MANTILLA ORBEGOZO - PIEDECUESTA","2022-06-24","","15.9875"
"CENTRO CULTURAL DANIEL MANTILLA ORBEGOZO - PIEDECUESTA","2022-06-23","","15.88333333"
"CENTRO CULTURAL DANIEL MANTILLA ORBEGOZO - PIEDECUESTA","2022-06-22","","16.20833333"
"CENTRO CULTURAL DANIEL MANTILLA ORBEGOZO - PIEDECUESTA","2022-06-21","","25.37916667"
"CENTRO CULTURAL DANIEL MANTILLA ORBEGOZO - PIEDECUESTA","2022-06-20","","15.70833333"
"CENTRO CULTURAL DANIEL MANTILLA ORBEGOZO - PIEDECUESTA","2022-06-19","","16.10833333"
"CENTRO CULTURAL DANIEL MANTILLA ORBEGOZO - PIEDECUESTA","2022-06-18","","22.275"
"CLUB UNIÓN","2023-09-17","","13.64621739"
"CLUB UNIÓN","2023-09-16","","16.90395833"
"CLUB UNIÓN","2023-09-15","","15.04870833"
"CLUB UNIÓN","2023-09-14","","21.46291667"
"CLUB UNIÓN","2023-09-13","","14.477625"
"CLUB UNIÓN","2023-09-12","","10.469"
"CLUB UNIÓN","2023-09-11","","18.409625"
"CLUB UNIÓN","2023-09-10","","10.1046087"
"CLUB UNIÓN","2023-09-09","","16.9595"
"CLUB UNIÓN","2023-09-08","","17.97325"
"CLUB UNIÓN","2023-09-07","","14.73933333"
"CLUB UNIÓN","2023-09-06","","13.75229167"
"CLUB UNIÓN","2023-09-05","","13.11558333"
"CLUB UNIÓN","2023-09-04","","8.59920833"
"CLUB UNIÓN","2023-09-03","","6.69926087"
"CLUB UNIÓN","2023-09-02","","11.04345833"
"CLUB UNIÓN","2023-09-01","","15.75466667"
"CLUB UNIÓN","2023-08-31","","15.21291667"
"CLUB UNIÓN","2023-08-30","","14.9085"
"CLUB UNIÓN","2023-08-29","","12.466"
"CLUB UNIÓN","2023-08-28","","12.97120833"
"CLUB UNIÓN","2023-08-27","","8.91278261"
"CLUB UNIÓN","2023-08-26","","18.74929167"
"CLUB UNIÓN","2023-08-25","","20.09308333"
"CLUB UNIÓN","2023-08-24","","13.21925"
"CLUB UNIÓN","2023-08-23","","15.87504167"
"CLUB UNIÓN","2023-08-22","","12.95529167"
"CLUB UNIÓN","2023-08-21","","4.99825"
"CLUB UNIÓN","2023-08-20","","4.2773913"
"CLUB UNIÓN","2023-08-19","","10.92125"
"CLUB UNIÓN","2023-08-18","","15.80575"
"CLUB UNIÓN","2023-08-17","","17.98825"
"CLUB UNIÓN","2023-08-16","","17.17395833"
"CLUB UNIÓN","2023-08-15","","13.97733333"
"CLUB UNIÓN","2023-08-14","","17.86016667"
"CLUB UNIÓN","2023-08-13","","11.4843913"
"CLUB UNIÓN","2023-08-12","","17.18875"
"CLUB UNIÓN","2023-08-11","","16.28266667"
"CLUB UNIÓN","2023-08-10","","14.243"
"CLUB UNIÓN","2023-08-09","","14.16125"
"CLUB UNIÓN","2023-08-08","","15.75975"
"CLUB UNIÓN","2023-08-07","","6.33729167"
"CLUB UNIÓN","2023-08-06","","11.98026087"
"CLUB UNIÓN","2023-08-05","","19.92625"
"CLUB UNIÓN","2023-08-04","","22.56483333"
"CLUB UNIÓN","2023-08-03","","12.69554167"
"CLUB UNIÓN","2023-08-02","","16.25554167"
"CLUB UNIÓN","2023-08-01","","19.26768182"
"CLUB UNIÓN","2023-07-31","","19.09104167"
"CLUB UNIÓN","2023-07-30","","12.09630435"
"CLUB UNIÓN","2023-07-29","","19.49195833"
"CLUB UNIÓN","2023-07-28","","31.36154167"
"CLUB UNIÓN","2023-07-27","","16.28483333"
"CLUB UNIÓN","2023-07-26","","10.236625"
"CLUB UNIÓN","2023-07-25","","14.05720833"
"CLUB UNIÓN","2023-07-24","","13.999125"
"CLUB UNIÓN","2023-07-23","","10.83004348"
"CLUB UNIÓN","2023-07-22","","16.617375"
"CLUB UNIÓN","2023-07-21","","15.25141667"
"CLUB UNIÓN","2023-07-20","","9.674"
"CLUB UNIÓN","2023-07-19","","20.71166667"
"CLUB UNIÓN","2023-07-18","","20.58254545"
"CLUB UNIÓN","2023-07-17","","19.24883333"
"CLUB UNIÓN","2023-07-16","","12.14986957"
"CLUB UNIÓN","2023-07-15","","15.8785"
"CLUB UNIÓN","2023-07-14","","23.7406087"
"CLUB UNIÓN","2023-07-13","","15.44170833"
"CLUB UNIÓN","2023-07-12","","19.774125"
"CLUB UNIÓN","2023-07-11","","27.70283333"
"CLUB UNIÓN","2023-07-10","","15.86195833"
"CLUB UNIÓN","2023-07-09","","13.34813043"
"CLUB UNIÓN","2023-07-08","","22.573375"
"CLUB UNIÓN","2023-07-07","","10.78795652"
"CLUB UNIÓN","2023-07-06","","14.496875"
"CLUB UNIÓN","2023-07-05","","14.96566667"
"CLUB UNIÓN","2023-07-04","","10.6916087"
"CLUB UNIÓN","2023-07-03","","16.78345833"
"CLUB UNIÓN","2023-07-02","","23.22963636"
"CLUB UNIÓN","2023-07-01","","19.28883333"
"CLUB UNIÓN","2023-06-30","","22.91145833"
"CLUB UNIÓN","2023-06-29","","19.66914815"
"CLUB UNIÓN","2023-06-28","","16.341875"
"CLUB UNIÓN","2023-06-27","","17.31425"
"CLUB UNIÓN","2023-06-26","","19.202125"
"CLUB UNIÓN","2023-06-25","","14.27030435"
"CLUB UNIÓN","2023-06-24","","15.59645833"
"CLUB UNIÓN","2023-06-23","","26.81408333"
"CLUB UNIÓN","2023-06-22","","26.10908333"
"CLUB UNIÓN","2023-06-21","","23.91933333"
"CLUB UNIÓN","2023-06-20","","18.204"
"CLUB UNIÓN","2023-06-19","","13.74233333"
"CLUB UNIÓN","2023-06-18","","19.93752174"
"CLUB UNIÓN","2023-06-17","","32.134625"
"CLUB UNIÓN","2023-06-16","","23.37704167"
"CLUB UNIÓN","2023-06-15","","19.75383333"
"CLUB UNIÓN","2023-06-14","","15.71570833"
"CLUB UNIÓN","2023-06-13","","22.819875"
"CLUB UNIÓN","2023-06-12","","16.45641667"
"CLUB UNIÓN","2023-06-11","","12.761"
"CLUB UNIÓN","2023-06-10","","27.468625"
"CLUB UNIÓN","2023-06-09","","23.049"
"CLUB UNIÓN","2023-06-08","","27.15645833"
"CLUB UNIÓN","2023-06-07","","23.70908333"
"CLUB UNIÓN","2023-06-06","","19.34365217"
"CLUB UNIÓN","2023-06-05","","18.58458333"
"CLUB UNIÓN","2023-06-04","","14.15513043"
"CLUB UNIÓN","2023-06-03","","14.647125"
"CLUB UNIÓN","2023-06-02","","15.324875"
"CLUB UNIÓN","2023-06-01","","11.50029167"
"CLUB UNIÓN","2023-05-31","","15.72883333"
"CLUB UNIÓN","2023-05-30","","32.89325"
"CLUB UNIÓN","2023-05-29","","6.41075"
"CLUB UNIÓN","2023-05-28","","13.84052174"
"CLUB UNIÓN","2023-05-27","","14.647125"
"CLUB UNIÓN","2023-05-26","","15.324875"
"CLUB UNIÓN","2023-05-25","","11.50029167"
"CLUB UNIÓN","2023-05-24","","15.72883333"
"CLUB UNIÓN","2023-05-23","","18.65826087"
"CLUB UNIÓN","2023-05-22","","6.41075"
"CLUB UNIÓN","2023-05-21","","4.17173913"
"CLUB UNIÓN","2023-05-20","","9.89941667"
"CLUB UNIÓN","2023-05-19","","10.300375"
"CLUB UNIÓN","2023-05-18","","8.52679167"
"CLUB UNIÓN","2023-05-17","","10.91691667"
"CLUB UNIÓN","2023-05-16","","17.04741667"
"CLUB UNIÓN","2023-05-15","","17.32358333"
"CLUB UNIÓN","2023-05-14","","11.41391304"
"CLUB UNIÓN","2023-05-13","","15.58591667"
"CLUB UNIÓN","2023-05-12","","16.539375"
"CLUB UNIÓN","2023-05-11","","10.86433333"
"CLUB UNIÓN","2023-05-10","","17.92758333"
"CLUB UNIÓN","2023-05-09","","11.3059"
"CLUB UNIÓN","2023-05-08","","6.926"
"CLUB UNIÓN","2023-05-07","","2.19165217"
"CLUB UNIÓN","2023-05-06","","4.56375"
"CLUB UNIÓN","2023-05-05","","7.59004167"
"CLUB UNIÓN","2023-05-04","","10.82091667"
"CLUB UNIÓN","2023-05-03","","10.73995833"
"CLUB UNIÓN","2023-05-02","","13.44866667"
"CLUB UNIÓN","2023-05-01","","2.078375"
"CLUB UNIÓN","2023-04-30","","18.418"
"CLUB UNIÓN","2023-04-28","","14.67265217"
"CLUB UNIÓN","2023-04-27","","10.35990909"
"CLUB UNIÓN","2023-04-26","","13.33125"
"CLUB UNIÓN","2023-04-25","","1.88277778"
"CLUB UNIÓN","2023-04-22","","21.71506667"
"CLUB UNIÓN","2023-04-21","","18.74641667"
"CLUB UNIÓN","2023-04-20","","24.59695833"
"CLUB UNIÓN","2023-04-19","","15.858875"
"CLUB UNIÓN","2023-04-18","","8.87483333"
"CLUB UNIÓN","2023-04-17","","8.20104167"
"CLUB UNIÓN","2023-04-16","","3.17534783"
"CLUB UNIÓN","2023-04-15","","9.11858333"
"CLUB UNIÓN","2023-04-14","","12.56857143"
"CLUB UNIÓN","2023-04-13","","20.39304167"
"CLUB UNIÓN","2023-04-12","","12.95283333"
"CLUB UNIÓN","2023-04-11","","8.06866667"
"CLUB UNIÓN","2023-04-10","","10.21068421"
"CLUB UNIÓN","2023-04-09","","7.97386957"
"CLUB UNIÓN","2023-04-08","","6.20354167"
"CLUB UNIÓN","2023-04-07","","2.82504167"
"CLUB UNIÓN","2023-04-06","","8.266375"
"CLUB UNIÓN","2023-04-05","","8.94633333"
"CLUB UNIÓN","2023-04-04","","11.08279167"
"CLUB UNIÓN","2023-04-03","","9.86745833"
"CLUB UNIÓN","2023-04-02","","8.23645833"
"CLUB UNIÓN","2023-04-01","","9.55658333"
"CLUB UNIÓN","2023-03-31","","11.98116667"
"CLUB UNIÓN","2023-03-30","","13.19695833"
"CLUB UNIÓN","2023-03-29","","11.51729167"
"CLUB UNIÓN","2023-03-28","","10.45491667"
"CLUB UNIÓN","2023-03-27","","9.737875"
"CLUB UNIÓN","2023-03-26","","7.553375"
"CLUB UNIÓN","2023-03-25","","10.59216667"
"CLUB UNIÓN","2023-03-24","","9.43383333"
"CLUB UNIÓN","2023-03-23","","8.095875"
"CLUB UNIÓN","2023-03-22","","9.75308333"
"CLUB UNIÓN","2023-03-21","","8.37541667"
"CLUB UNIÓN","2023-03-20","","6.90379167"
"CLUB UNIÓN","2023-03-19","","4.97583333"
"CLUB UNIÓN","2023-03-18","","9.50204167"
"CLUB UNIÓN","2023-03-17","","11.71341667"
"CLUB UNIÓN","2023-03-16","","13.20079167"
"CLUB UNIÓN","2023-03-15","","11.91670833"
"CLUB UNIÓN","2023-03-14","","19.13170833"
"CLUB UNIÓN","2023-03-13","","16.757875"
"CLUB UNIÓN","2023-03-12","","11.900625"
"CLUB UNIÓN","2023-03-11","","17.33975"
"CLUB UNIÓN","2023-03-10","","19.643125"
"CLUB UNIÓN","2023-03-09","","16.7065"
"CLUB UNIÓN","2023-03-08","","15.39766667"
"CLUB UNIÓN","2023-03-07","","20.58066667"
"CLUB UNIÓN","2023-02-26","","8.9903"
"CLUB UNIÓN","2023-02-25","","16.57408333"
"CLUB UNIÓN","2023-02-24","","13.44214286"
"CLUB UNIÓN","2023-02-23","","14.67466667"
"CLUB UNIÓN","2023-02-22","","15.91733333"
"CLUB UNIÓN","2023-02-21","","11.21429167"
"CLUB UNIÓN","2023-02-20","","6.097875"
"CLUB UNIÓN","2023-02-19","","7.28730435"
"CLUB UNIÓN","2023-02-18","","9.33120833"
"CLUB UNIÓN","2023-02-17","","18.62766667"
"CLUB UNIÓN","2023-02-16","","27.76933333"
"CLUB UNIÓN","2023-02-15","","16.09658333"
"CLUB UNIÓN","2023-02-14","","14.78195455"
"CLUB UNIÓN","2023-02-13","","8.69479167"
"CLUB UNIÓN","2023-02-12","","8.2545"
"CLUB UNIÓN","2023-02-11","","8.27004167"
"CLUB UNIÓN","2023-02-10","","13.62266667"
"CLUB UNIÓN","2023-02-09","","15.55383333"
"CLUB UNIÓN","2023-02-08","","11.100625"
"CLUB UNIÓN","2023-02-07","","13.83575"
"CLUB UNIÓN","2023-02-06","","14.23629167"
"CLUB UNIÓN","2023-02-05","","6.59220833"
"CLUB UNIÓN","2023-02-04","","9.01333333"
"CLUB UNIÓN","2023-02-03","","11.70025"
"CLUB UNIÓN","2023-02-02","","13.38754167"
"CLUB UNIÓN","2023-02-01","","13.872375"
"CLUB UNIÓN","2023-01-31","","8.71723529"
"CLUB UNIÓN","2023-01-30","","13.78158333"
"CLUB UNIÓN","2023-01-29","","11.9745"
"CLUB UNIÓN","2023-01-28","","13.71395833"
"CLUB UNIÓN","2023-01-27","","14.444375"
"CLUB UNIÓN","2023-01-26","","17.32727273"
"CLUB UNIÓN","2023-01-25","","18.35154167"
"CLUB UNIÓN","2023-01-24","","14.98975"
"CLUB UNIÓN","2023-01-23","","10.133375"
"CLUB UNIÓN","2023-01-22","","11.42720833"
"CLUB UNIÓN","2023-01-21","","13.71395833"
"CLUB UNIÓN","2023-01-20","","14.444375"
"CLUB UNIÓN","2023-01-19","","16.40229167"
"CLUB UNIÓN","2023-01-18","","18.35154167"
"CLUB UNIÓN","2023-01-17","","14.98975"
"CLUB UNIÓN","2023-01-16","","10.41513043"
"CLUB UNIÓN","2023-01-15","","7.48154167"
"CLUB UNIÓN","2023-01-14","","15.82379167"
"CLUB UNIÓN","2023-01-13","","17.53329167"
"CLUB UNIÓN","2023-01-12","","18.50083333"
"CLUB UNIÓN","2023-01-11","","18.734"
"CLUB UNIÓN","2023-01-10","","11.24070833"
"CLUB UNIÓN","2023-01-09","","5.53943478"
"CLUB UNIÓN","2023-01-08","","9.01221739"
"CLUB UNIÓN","2023-01-07","","14.38875"
"CLUB UNIÓN","2023-01-06","","19.09783333"
"CLUB UNIÓN","2023-01-05","","17.237625"
"CLUB UNIÓN","2023-01-04","","18.372125"
"CLUB UNIÓN","2023-01-03","","11.216125"
"CLUB UNIÓN","2023-01-02","","18.98754167"
"CLUB UNIÓN","2023-01-01","","4.67756522"
"CLUB UNIÓN","2022-12-31","","13.36265217"
"CLUB UNIÓN","2022-12-30","","20.53741667"
"CLUB UNIÓN","2022-12-29","","18.26895833"
"CLUB UNIÓN","2022-12-28","","8.26775"
"CLUB UNIÓN","2022-12-27","","14.102"
"CLUB UNIÓN","2022-12-26","","14.45222727"
"CLUB UNIÓN","2022-12-25","","7.37883333"
"CLUB UNIÓN","2022-12-24","","13.178125"
"CLUB UNIÓN","2022-12-23","","17.64825"
"CLUB UNIÓN","2022-12-22","","17.992875"
"CLUB UNIÓN","2022-12-21","","15.640625"
"CLUB UNIÓN","2022-12-20","","14.83204167"
"CLUB UNIÓN","2022-12-19","","17.80054167"
"CLUB UNIÓN","2022-12-18","","14.230125"
"CLUB UNIÓN","2022-12-17","","20.27025"
"CLUB UNIÓN","2022-12-16","","24.396625"
"CLUB UNIÓN","2022-12-15","","20.052375"
"CLUB UNIÓN","2022-12-14","","24.407625"
"CLUB UNIÓN","2022-12-13","","13.41057895"
"CLUB UNIÓN","2022-12-12","","20.93920833"
"CLUB UNIÓN","2022-12-11","","18.246625"
"CLUB UNIÓN","2022-12-10","","15.0255"
"CLUB UNIÓN","2022-12-09","","15.27241667"
"CLUB UNIÓN","2022-12-08","","12.029"
"CLUB UNIÓN","2022-12-07","","16.52416667"
"CLUB UNIÓN","2022-12-06","","16.95995833"
"CLUB UNIÓN","2022-12-05","","13.073375"
"CLUB UNIÓN","2022-12-04","","14.50779167"
"CLUB UNIÓN","2022-12-03","","16.61808333"
"CLUB UNIÓN","2022-12-02","","28.69154167"
"CLUB UNIÓN","2022-12-01","","27.25875"
"CLUB UNIÓN","2022-11-30","","13.40822727"
"CLUB UNIÓN","2022-11-29","","9.619"
"CLUB UNIÓN","2022-11-20","","35.04322727"
"CLUB UNIÓN","2022-11-19","","45.1822381"
"CLUB UNIÓN","2022-11-18","","33.43075"
"CLUB UNIÓN","2022-11-17","","28.70609091"
"CLUB UNIÓN","2022-11-16","","18.4655"
"CLUB UNIÓN","2022-11-15","","19.24095833"
"CLUB UNIÓN","2022-11-14","","3.22633333"
"CLUB UNIÓN","2022-11-13","","9.14508333"
"CLUB UNIÓN","2022-11-12","","17.07491667"
"CLUB UNIÓN","2022-11-11","","18.74179167"
"CLUB UNIÓN","2022-11-10","","12.250125"
"CLUB UNIÓN","2022-11-09","","12.31320833"
"CLUB UNIÓN","2022-11-08","","14.69641667"
"CLUB UNIÓN","2022-11-07","","9.85358333"
"CLUB UNIÓN","2022-11-06","","4.52570833"
"CLUB UNIÓN","2022-11-05","","8.76095833"
"CLUB UNIÓN","2022-11-04","","15.242"
"CLUB UNIÓN","2022-11-03","","25.673625"
"CLUB UNIÓN","2022-11-02","","25.17345833"
"CLUB UNIÓN","2022-11-01","","15.53142857"
"CLUB UNIÓN","2022-10-25","","12.17733333"
"CLUB UNIÓN","2022-10-24","","17.02354167"
"CLUB UNIÓN","2022-10-23","","18.5575"
"CLUB UNIÓN","2022-10-22","","18.58479167"
"CLUB UNIÓN","2022-10-21","","32.92475"
"CLUB UNIÓN","2022-10-20","","29.95829167"
"CLUB UNIÓN","2022-10-19","","24.976875"
"CLUB UNIÓN","2022-10-18","","17.76615"
"CLUB UNIÓN","2022-10-17","","16.49025"
"CLUB UNIÓN","2022-10-16","","25.40358333"
"CLUB UNIÓN","2022-10-15","","26.75358333"
"CLUB UNIÓN","2022-10-14","","22.2595"
"CLUB UNIÓN","2022-10-13","","22.20736364"
"CLUB UNIÓN","2022-10-11","","45.3153"
"CLUB UNIÓN","2022-10-10","","28.74858333"
"CLUB UNIÓN","2022-10-09","","24.69773913"
"CLUB UNIÓN","2022-10-08","","20.56045833"
"CLUB UNIÓN","2022-10-07","","25.975875"
"CLUB UNIÓN","2022-10-06","","22.95895833"
"CLUB UNIÓN","2022-10-05","","18.573875"
"CLUB UNIÓN","2022-10-04","","24.721875"
"CLUB UNIÓN","2022-10-03","","43.29908333"
"CLUB UNIÓN","2022-10-02","","21.5876087"
"CLUB UNIÓN","2022-10-01","","24.4255"
"CLUB UNIÓN","2022-09-30","","28.54995833"
"CLUB UNIÓN","2022-09-29","","18.93095455"
"CLUB UNIÓN","2022-09-28","","24.36333333"
"CLUB UNIÓN","2022-09-27","","22.21483333"
"CLUB UNIÓN","2022-09-26","","34.03095833"
"CLUB UNIÓN","2022-09-25","","19.23678261"
"CLUB UNIÓN","2022-09-24","","25.79879167"
"CLUB UNIÓN","2022-09-23","","27.46045"
"CLUB UNIÓN","2022-09-22","","33.47445833"
"CLUB UNIÓN","2022-09-21","","29.46266667"
"CLUB UNIÓN","2022-09-20","","34.80833333"
"CLUB UNIÓN","2022-09-19","","23.37295833"
"CLUB UNIÓN","2022-09-18","","25.52326087"
"CLUB UNIÓN","2022-09-17","","35.340125"
"CLUB UNIÓN","2022-09-16","","30.76554167"
"CLUB UNIÓN","2022-09-15","","21.31966667"
"CLUB UNIÓN","2022-09-14","","14.93728571"
"CLUB UNIÓN","2022-04-07","","18.1"
"CLUB UNIÓN","2022-04-06","","23.175"
"CLUB UNIÓN","2022-04-05","","18.07916667"
"CLUB UNIÓN","2022-04-04","","13.17083333"
"CLUB UNIÓN","2022-04-03","","18.39583333"
"CLUB UNIÓN","2022-04-02","","21.5375"
"CLUB UNIÓN","2022-04-01","","13.3625"
"CLUB UNIÓN","2022-03-31","","19.3173913"
"CLUB UNIÓN","2022-03-30","","19.05"
"CLUB UNIÓN","2022-03-29","","22.2375"
"CLUB UNIÓN","2022-03-28","","32.15833333"
"CLUB UNIÓN","2022-03-27","","19.80416667"
"CLUB UNIÓN","2022-03-26","","15.975"
"CLUB UNIÓN","2022-03-25","","12.47916667"
"CLUB UNIÓN","2022-03-24","","20.91578947"
"CLUB UNIÓN","2022-03-23","","23.6375"
"CLUB UNIÓN","2022-03-22","","23.90833333"
"CLUB UNIÓN","2022-03-21","","16.98333333"
"CLUB UNIÓN","2022-03-20","","20.27916667"
"CLUB UNIÓN","2022-03-19","","26.09166667"
"CLUB UNIÓN","2022-03-18","","26.97916667"
"CLUB UNIÓN","2022-03-17","","20.97083333"
"CLUB UNIÓN","2022-03-16","","22.89166667"
"CLUB UNIÓN","2022-03-15","","29.92916667"
"CLUB UNIÓN","2022-03-14","","25.47083333"
"CLUB UNIÓN","2022-03-13","","15.375"
"CLUB UNIÓN","2022-03-12","","33.96666667"
"CLUB UNIÓN","2022-03-11","","25.04166667"
"CLUB UNIÓN","2022-03-10","","33.96363636"
"CLUB UNIÓN","2022-03-09","","22.73333333"
"CLUB UNIÓN","2022-03-08","","22.675"
"CLUB UNIÓN","2022-03-07","","21.54583333"
"CLUB UNIÓN","2022-03-06","","20.3625"
"CLUB UNIÓN","2022-03-05","","30.10833333"
"CLUB UNIÓN","2022-03-04","","37.66666667"
"CLUB UNIÓN","2022-03-03","","23.5125"
"CLUB UNIÓN","2022-03-02","","23.9"
"CLUB UNIÓN","2022-03-01","","25.1125"
"CLUB UNIÓN","2022-02-28","","24.14782609"
"CLUB UNIÓN","2022-02-27","","21.59166667"
"CLUB UNIÓN","2022-02-26","","20.125"
"CLUB UNIÓN","2022-02-25","","24.15"
"CLUB UNIÓN","2022-02-24","","13.55833333"
"CLUB UNIÓN","2022-02-23","","15.175"
"CLUB UNIÓN","2022-02-22","","20.62083333"
"CLUB UNIÓN","2022-02-21","","18.175"
"CLUB UNIÓN","2022-02-20","","20.925"
"CLUB UNIÓN","2022-02-19","","14.68333333"
"CLUB UNIÓN","2022-02-18","","21.475"
"CLUB UNIÓN","2022-02-17","","17.9"
"CLUB UNIÓN","2022-02-16","","17.3125"
"CLUB UNIÓN","2022-02-15","","13.87083333"
"CLUB UNIÓN","2022-02-14","","21.91666667"
"CLUB UNIÓN","2022-02-13","","13.3"
"CLUB UNIÓN","2022-02-12","","26.68333333"
"CLUB UNIÓN","2022-02-11","","29.51666667"
"CLUB UNIÓN","2022-02-10","","28.325"
"CLUB UNIÓN","2022-02-09","","32.24166667"
"CLUB UNIÓN","2022-02-08","","18.7375"
"CLUB UNIÓN","2022-02-07","","17.625"
"CLUB UNIÓN","2022-02-06","","14.7125"
"CLUB UNIÓN","2022-02-05","","18.8625"
"CLUB UNIÓN","2022-02-04","","19.68333333"
"CLUB UNIÓN","2022-02-03","","21.675"
"CLUB UNIÓN","2022-02-02","","24.20416667"
"CLUB UNIÓN","2022-02-01","","20.76666667"
"CLUB UNIÓN","2022-01-31","","17.12916667"
"CLUB UNIÓN","2022-01-30","","10.50833333"
"CLUB UNIÓN","2022-01-29","","7.6"
"CLUB UNIÓN","2022-01-28","","24.4125"
"CLUB UNIÓN","2022-01-27","","20.14583333"
"CLUB UNIÓN","2022-01-26","","10.84166667"
"CLUB UNIÓN","2022-01-25","","11.1375"
"CLUB UNIÓN","2022-01-24","","12.425"
"CLUB UNIÓN","2022-01-23","","20.8375"
"CLUB UNIÓN","2022-01-22","","19.64166667"
"CLUB UNIÓN","2022-01-21","","22.04166667"
"CLUB UNIÓN","2022-01-20","","25.95"
"CLUB UNIÓN","2022-01-19","","28.32916667"
"CLUB UNIÓN","2022-01-18","","15.8375"
"CLUB UNIÓN","2022-01-17","","28.15416667"
"CLUB UNIÓN","2022-01-16","","26.03333333"
"CLUB UNIÓN","2022-01-15","","25.8375"
"CLUB UNIÓN","2022-01-14","","21.57083333"
"CLUB UNIÓN","2022-01-13","","13.00833333"
"CLUB UNIÓN","2022-01-12","","14.93333333"
"CLUB UNIÓN","2022-01-11","","10.5625"
"CLUB UNIÓN","2022-01-10","","14.99166667"
"CLUB UNIÓN","2022-01-09","","17.72083333"
"CLUB UNIÓN","2022-01-08","","28.35"
"CLUB UNIÓN","2022-01-07","","24.8625"
"CLUB UNIÓN","2022-01-06","","20.4"
"CLUB UNIÓN","2022-01-05","","20.50833333"
"CLUB UNIÓN","2022-01-04","","17.0875"
"CLUB UNIÓN","2022-01-03","","17.4875"
"CLUB UNIÓN","2022-01-02","","13.20416667"
"CLUB UNIÓN","2022-01-01","","14.07916667"
"CLUB UNIÓN","2021-12-31","","25.15416667"
"CLUB UNIÓN","2021-12-30","","25.67916667"
"CLUB UNIÓN","2021-12-29","","21.03333333"
"CLUB UNIÓN","2021-12-28","","28.8625"
"CLUB UNIÓN","2021-12-27","","26.28333333"
"CLUB UNIÓN","2021-12-26","","18.58333333"
"CLUB UNIÓN","2021-12-25","","17.6875"
"CLUB UNIÓN","2021-12-24","","23.49583333"
"CLUB UNIÓN","2021-12-23","","20.13333333"
"CLUB UNIÓN","2021-12-22","","20.25833333"
"CLUB UNIÓN","2021-12-21","","30.675"
"CLUB UNIÓN","2021-12-20","","22.3125"
"CLUB UNIÓN","2021-12-19","","19.94166667"
"CLUB UNIÓN","2021-12-18","","19.63333333"
"CLUB UNIÓN","2021-12-17","","21.18333333"
"CLUB UNIÓN","2021-12-16","","24.20833333"
"CLUB UNIÓN","2021-12-15","","24.95416667"
"CLUB UNIÓN","2021-12-14","","25.59166667"
"CLUB UNIÓN","2021-12-13","","15.28333333"
"CLUB UNIÓN","2021-12-12","","9.77916667"
"CLUB UNIÓN","2021-12-11","","13.8"
"CLUB UNIÓN","2021-12-10","","14.03333333"
"CLUB UNIÓN","2021-12-09","","18.3875"
"CLUB UNIÓN","2021-12-08","","21.15416667"
"CLUB UNIÓN","2021-12-07","","25.57083333"
"CLUB UNIÓN","2021-12-06","","20.76666667"
"CLUB UNIÓN","2021-12-05","","21.45416667"
"CLUB UNIÓN","2021-12-04","","22.91666667"
"CLUB UNIÓN","2021-12-03","","31.3125"
"CLUB UNIÓN","2021-12-02","","29.6375"
"CLUB UNIÓN","2021-12-01","","14.25416667"
