"Estacion","Fecha inicial","Fecha final","NO2"
"CENTRO CULTURAL DANIEL MANTILLA ORBEGOZO - PIEDECUESTA","2023-09-17","","26.96743478"
"CENTRO CULTURAL DANIEL MANTILLA ORBEGOZO - PIEDECUESTA","2023-09-16","","28.19320833"
"CENTRO CULTURAL DANIEL MANTILLA ORBEGOZO - PIEDECUESTA","2023-09-15","","27.58525"
"CENTRO CULTURAL DANIEL MANTILLA ORBEGOZO - PIEDECUESTA","2023-09-14","","25.19647368"
"CENTRO CULTURAL DANIEL MANTILLA ORBEGOZO - PIEDECUESTA","2023-09-13","","27.238625"
"CENTRO CULTURAL DANIEL MANTILLA ORBEGOZO - PIEDECUESTA","2023-09-12","","24.371375"
"CENTRO CULTURAL DANIEL MANTILLA ORBEGOZO - PIEDECUESTA","2023-09-11","","22.94031818"
"CENTRO CULTURAL DANIEL MANTILLA ORBEGOZO - PIEDECUESTA","2023-09-10","","23.53556522"
"CENTRO CULTURAL DANIEL MANTILLA ORBEGOZO - PIEDECUESTA","2023-09-09","","29.77183333"
"CENTRO CULTURAL DANIEL MANTILLA ORBEGOZO - PIEDECUESTA","2023-09-08","","30.37220833"
"CENTRO CULTURAL DANIEL MANTILLA ORBEGOZO - PIEDECUESTA","2023-09-07","","25.8775"
"CENTRO CULTURAL DANIEL MANTILLA ORBEGOZO - PIEDECUESTA","2023-09-06","","27.517875"
"CENTRO CULTURAL DANIEL MANTILLA ORBEGOZO - PIEDECUESTA","2023-09-05","","25.56058333"
"CENTRO CULTURAL DANIEL MANTILLA ORBEGOZO - PIEDECUESTA","2023-09-04","","27.60233333"
"CENTRO CULTURAL DANIEL MANTILLA ORBEGOZO - PIEDECUESTA","2023-09-03","","21.71530435"
"CENTRO CULTURAL DANIEL MANTILLA ORBEGOZO - PIEDECUESTA","2023-09-02","","26.22920833"
"CENTRO CULTURAL DANIEL MANTILLA ORBEGOZO - PIEDECUESTA","2023-09-01","","27.49979167"
"CENTRO CULTURAL DANIEL MANTILLA ORBEGOZO - PIEDECUESTA","2023-08-31","","29.40113043"
"CENTRO CULTURAL DANIEL MANTILLA ORBEGOZO - PIEDECUESTA","2023-08-30","","25.71479167"
"CENTRO CULTURAL DANIEL MANTILLA ORBEGOZO - PIEDECUESTA","2023-08-29","","27.86966667"
"CENTRO CULTURAL DANIEL MANTILLA ORBEGOZO - PIEDECUESTA","2023-08-28","","26.197"
"CENTRO CULTURAL DANIEL MANTILLA ORBEGOZO - PIEDECUESTA","2023-08-27","","21.2373913"
"CENTRO CULTURAL DANIEL MANTILLA ORBEGOZO - PIEDECUESTA","2023-08-26","","21.57945833"
"CENTRO CULTURAL DANIEL MANTILLA ORBEGOZO - PIEDECUESTA","2023-08-25","","22.93866667"
"CENTRO CULTURAL DANIEL MANTILLA ORBEGOZO - PIEDECUESTA","2023-08-24","","20.77629167"
"CENTRO CULTURAL DANIEL MANTILLA ORBEGOZO - PIEDECUESTA","2023-08-23","","23.877375"
"CENTRO CULTURAL DANIEL MANTILLA ORBEGOZO - PIEDECUESTA","2023-08-22","","24.41858333"
"CENTRO CULTURAL DANIEL MANTILLA ORBEGOZO - PIEDECUESTA","2023-08-21","","16.994625"
"CENTRO CULTURAL DANIEL MANTILLA ORBEGOZO - PIEDECUESTA","2023-08-20","","22.25691304"
"CENTRO CULTURAL DANIEL MANTILLA ORBEGOZO - PIEDECUESTA","2023-08-19","","24.915125"
"CENTRO CULTURAL DANIEL MANTILLA ORBEGOZO - PIEDECUESTA","2023-08-18","","24.24258333"
"CENTRO CULTURAL DANIEL MANTILLA ORBEGOZO - PIEDECUESTA","2023-08-17","","24.5775"
"CENTRO CULTURAL DANIEL MANTILLA ORBEGOZO - PIEDECUESTA","2023-08-16","","22.10570833"
"CENTRO CULTURAL DANIEL MANTILLA ORBEGOZO - PIEDECUESTA","2023-08-15","","24.96920833"
"CENTRO CULTURAL DANIEL MANTILLA ORBEGOZO - PIEDECUESTA","2023-08-14","","25.47716667"
"CENTRO CULTURAL DANIEL MANTILLA ORBEGOZO - PIEDECUESTA","2023-08-13","","20.87352174"
"CENTRO CULTURAL DANIEL MANTILLA ORBEGOZO - PIEDECUESTA","2023-08-12","","25.88554167"
"CENTRO CULTURAL DANIEL MANTILLA ORBEGOZO - PIEDECUESTA","2023-08-11","","24.94808333"
"CENTRO CULTURAL DANIEL MANTILLA ORBEGOZO - PIEDECUESTA","2023-08-10","","25.71908333"
"CENTRO CULTURAL DANIEL MANTILLA ORBEGOZO - PIEDECUESTA","2023-08-09","","24.677375"
"CENTRO CULTURAL DANIEL MANTILLA ORBEGOZO - PIEDECUESTA","2023-08-08","","24.584125"
"CENTRO CULTURAL DANIEL MANTILLA ORBEGOZO - PIEDECUESTA","2023-08-07","","20.18470833"
"CENTRO CULTURAL DANIEL MANTILLA ORBEGOZO - PIEDECUESTA","2023-08-06","","21.31521739"
"CENTRO CULTURAL DANIEL MANTILLA ORBEGOZO - PIEDECUESTA","2023-08-05","","25.13620833"
"CENTRO CULTURAL DANIEL MANTILLA ORBEGOZO - PIEDECUESTA","2023-08-04","","32.38404167"
"CENTRO CULTURAL DANIEL MANTILLA ORBEGOZO - PIEDECUESTA","2023-08-03","","25.37469565"
"CENTRO CULTURAL DANIEL MANTILLA ORBEGOZO - PIEDECUESTA","2023-08-02","","23.88854167"
"CENTRO CULTURAL DANIEL MANTILLA ORBEGOZO - PIEDECUESTA","2023-08-01","","24.97745833"
"CENTRO CULTURAL DANIEL MANTILLA ORBEGOZO - PIEDECUESTA","2023-07-31","","22.660125"
"CENTRO CULTURAL DANIEL MANTILLA ORBEGOZO - PIEDECUESTA","2023-07-30","","22.27047826"
"CENTRO CULTURAL DANIEL MANTILLA ORBEGOZO - PIEDECUESTA","2023-07-29","","23.523375"
"CENTRO CULTURAL DANIEL MANTILLA ORBEGOZO - PIEDECUESTA","2023-07-28","","26.96575"
"CENTRO CULTURAL DANIEL MANTILLA ORBEGOZO - PIEDECUESTA","2023-07-27","","26.22970833"
"CENTRO CULTURAL DANIEL MANTILLA ORBEGOZO - PIEDECUESTA","2023-07-26","","26.36608333"
"CENTRO CULTURAL DANIEL MANTILLA ORBEGOZO - PIEDECUESTA","2023-07-25","","22.23916667"
"CENTRO CULTURAL DANIEL MANTILLA ORBEGOZO - PIEDECUESTA","2023-07-24","","25.513875"
"CENTRO CULTURAL DANIEL MANTILLA ORBEGOZO - PIEDECUESTA","2023-07-23","","22.83713043"
"CENTRO CULTURAL DANIEL MANTILLA ORBEGOZO - PIEDECUESTA","2023-07-22","","26.977375"
"CENTRO CULTURAL DANIEL MANTILLA ORBEGOZO - PIEDECUESTA","2023-07-21","","28.55204545"
"CENTRO CULTURAL DANIEL MANTILLA ORBEGOZO - PIEDECUESTA","2023-07-20","","22.56991667"
"CENTRO CULTURAL DANIEL MANTILLA ORBEGOZO - PIEDECUESTA","2023-07-19","","23.01458333"
"CENTRO CULTURAL DANIEL MANTILLA ORBEGOZO - PIEDECUESTA","2023-07-18","","23.71620833"
"CENTRO CULTURAL DANIEL MANTILLA ORBEGOZO - PIEDECUESTA","2023-07-17","","20.63675"
"CENTRO CULTURAL DANIEL MANTILLA ORBEGOZO - PIEDECUESTA","2023-07-16","","19.92313043"
"CENTRO CULTURAL DANIEL MANTILLA ORBEGOZO - PIEDECUESTA","2023-07-15","","21.473375"
"CENTRO CULTURAL DANIEL MANTILLA ORBEGOZO - PIEDECUESTA","2023-07-14","","27.51234783"
"CENTRO CULTURAL DANIEL MANTILLA ORBEGOZO - PIEDECUESTA","2023-07-13","","23.925375"
"CENTRO CULTURAL DANIEL MANTILLA ORBEGOZO - PIEDECUESTA","2023-07-12","","24.072125"
"CENTRO CULTURAL DANIEL MANTILLA ORBEGOZO - PIEDECUESTA","2023-07-11","","24.19633333"
"CENTRO CULTURAL DANIEL MANTILLA ORBEGOZO - PIEDECUESTA","2023-07-10","","26.23720833"
"CENTRO CULTURAL DANIEL MANTILLA ORBEGOZO - PIEDECUESTA","2023-07-09","","17.561"
"CENTRO CULTURAL DANIEL MANTILLA ORBEGOZO - PIEDECUESTA","2023-07-08","","25.87933333"
"CENTRO CULTURAL DANIEL MANTILLA ORBEGOZO - PIEDECUESTA","2023-07-07","","20.43204348"
"CENTRO CULTURAL DANIEL MANTILLA ORBEGOZO - PIEDECUESTA","2023-07-06","","23.83366667"
"CENTRO CULTURAL DANIEL MANTILLA ORBEGOZO - PIEDECUESTA","2023-07-05","","21.56191667"
"CENTRO CULTURAL DANIEL MANTILLA ORBEGOZO - PIEDECUESTA","2023-07-04","","20.26370833"
"CENTRO CULTURAL DANIEL MANTILLA ORBEGOZO - PIEDECUESTA","2023-07-03","","17.89145833"
"CENTRO CULTURAL DANIEL MANTILLA ORBEGOZO - PIEDECUESTA","2023-07-02","","17.11745455"
"CENTRO CULTURAL DANIEL MANTILLA ORBEGOZO - PIEDECUESTA","2023-07-01","","22.27066667"
"CENTRO CULTURAL DANIEL MANTILLA ORBEGOZO - PIEDECUESTA","2023-06-30","","22.493375"
"CENTRO CULTURAL DANIEL MANTILLA ORBEGOZO - PIEDECUESTA","2023-06-29","","19.97340741"
"CENTRO CULTURAL DANIEL MANTILLA ORBEGOZO - PIEDECUESTA","2023-06-28","","23.34229167"
"CENTRO CULTURAL DANIEL MANTILLA ORBEGOZO - PIEDECUESTA","2023-06-27","","18.38995833"
"CENTRO CULTURAL DANIEL MANTILLA ORBEGOZO - PIEDECUESTA","2023-06-26","","21.51083333"
"CENTRO CULTURAL DANIEL MANTILLA ORBEGOZO - PIEDECUESTA","2023-06-25","","18.10269565"
"CENTRO CULTURAL DANIEL MANTILLA ORBEGOZO - PIEDECUESTA","2023-06-24","","18.98941667"
"CENTRO CULTURAL DANIEL MANTILLA ORBEGOZO - PIEDECUESTA","2023-06-23","","22.71465"
"CENTRO CULTURAL DANIEL MANTILLA ORBEGOZO - PIEDECUESTA","2023-06-22","","25.30264706"
"CENTRO CULTURAL DANIEL MANTILLA ORBEGOZO - PIEDECUESTA","2023-06-21","","25.56729167"
"CENTRO CULTURAL DANIEL MANTILLA ORBEGOZO - PIEDECUESTA","2023-06-20","","23.75954167"
"CENTRO CULTURAL DANIEL MANTILLA ORBEGOZO - PIEDECUESTA","2023-06-19","","17.43395833"
"CENTRO CULTURAL DANIEL MANTILLA ORBEGOZO - PIEDECUESTA","2023-06-18","","18.95586957"
"CENTRO CULTURAL DANIEL MANTILLA ORBEGOZO - PIEDECUESTA","2023-06-17","","22.89933333"
"CENTRO CULTURAL DANIEL MANTILLA ORBEGOZO - PIEDECUESTA","2023-06-16","","26.22916667"
"CENTRO CULTURAL DANIEL MANTILLA ORBEGOZO - PIEDECUESTA","2023-06-15","","22.77545833"
"CENTRO CULTURAL DANIEL MANTILLA ORBEGOZO - PIEDECUESTA","2023-06-14","","27.397125"
"CENTRO CULTURAL DANIEL MANTILLA ORBEGOZO - PIEDECUESTA","2023-06-13","","23.32341667"
"CENTRO CULTURAL DANIEL MANTILLA ORBEGOZO - PIEDECUESTA","2023-06-12","","18.03816667"
"CENTRO CULTURAL DANIEL MANTILLA ORBEGOZO - PIEDECUESTA","2023-06-11","","18.62521739"
"CENTRO CULTURAL DANIEL MANTILLA ORBEGOZO - PIEDECUESTA","2023-06-10","","20.90133333"
"CENTRO CULTURAL DANIEL MANTILLA ORBEGOZO - PIEDECUESTA","2023-06-09","","20.276375"
"CENTRO CULTURAL DANIEL MANTILLA ORBEGOZO - PIEDECUESTA","2023-06-08","","26.39356522"
"CENTRO CULTURAL DANIEL MANTILLA ORBEGOZO - PIEDECUESTA","2023-06-07","","23.724875"
"CENTRO CULTURAL DANIEL MANTILLA ORBEGOZO - PIEDECUESTA","2023-06-06","","22.39395833"
"CENTRO CULTURAL DANIEL MANTILLA ORBEGOZO - PIEDECUESTA","2023-06-05","","23.42283333"
"CENTRO CULTURAL DANIEL MANTILLA ORBEGOZO - PIEDECUESTA","2023-06-04","","16.55752174"
"CENTRO CULTURAL DANIEL MANTILLA ORBEGOZO - PIEDECUESTA","2023-06-03","","23.29029167"
"CENTRO CULTURAL DANIEL MANTILLA ORBEGOZO - PIEDECUESTA","2023-06-02","","22.34375"
"CENTRO CULTURAL DANIEL MANTILLA ORBEGOZO - PIEDECUESTA","2023-06-01","","24.052125"
"CENTRO CULTURAL DANIEL MANTILLA ORBEGOZO - PIEDECUESTA","2023-05-31","","19.36479167"
"CENTRO CULTURAL DANIEL MANTILLA ORBEGOZO - PIEDECUESTA","2023-05-30","","20.12804167"
"CENTRO CULTURAL DANIEL MANTILLA ORBEGOZO - PIEDECUESTA","2023-05-29","","14.97554167"
"CENTRO CULTURAL DANIEL MANTILLA ORBEGOZO - PIEDECUESTA","2023-05-28","","16.43717391"
"CENTRO CULTURAL DANIEL MANTILLA ORBEGOZO - PIEDECUESTA","2023-05-27","","23.29029167"
"CENTRO CULTURAL DANIEL MANTILLA ORBEGOZO - PIEDECUESTA","2023-05-26","","22.34375"
"CENTRO CULTURAL DANIEL MANTILLA ORBEGOZO - PIEDECUESTA","2023-05-25","","23.14959091"
"CENTRO CULTURAL DANIEL MANTILLA ORBEGOZO - PIEDECUESTA","2023-05-24","","19.36479167"
"CENTRO CULTURAL DANIEL MANTILLA ORBEGOZO - PIEDECUESTA","2023-05-23","","20.12804167"
"CENTRO CULTURAL DANIEL MANTILLA ORBEGOZO - PIEDECUESTA","2023-05-22","","14.97554167"
"CENTRO CULTURAL DANIEL MANTILLA ORBEGOZO - PIEDECUESTA","2023-05-21","","17.50626087"
"CENTRO CULTURAL DANIEL MANTILLA ORBEGOZO - PIEDECUESTA","2023-05-20","","21.868875"
"CENTRO CULTURAL DANIEL MANTILLA ORBEGOZO - PIEDECUESTA","2023-05-19","","19.92275"
"CENTRO CULTURAL DANIEL MANTILLA ORBEGOZO - PIEDECUESTA","2023-05-18","","20.00879167"
"CENTRO CULTURAL DANIEL MANTILLA ORBEGOZO - PIEDECUESTA","2023-05-17","","19.76675"
"CENTRO CULTURAL DANIEL MANTILLA ORBEGOZO - PIEDECUESTA","2023-05-16","","19.01533333"
"CENTRO CULTURAL DANIEL MANTILLA ORBEGOZO - PIEDECUESTA","2023-05-15","","17.039375"
"CENTRO CULTURAL DANIEL MANTILLA ORBEGOZO - PIEDECUESTA","2023-05-14","","17.75695652"
"CENTRO CULTURAL DANIEL MANTILLA ORBEGOZO - PIEDECUESTA","2023-05-13","","20.43620833"
"CENTRO CULTURAL DANIEL MANTILLA ORBEGOZO - PIEDECUESTA","2023-05-12","","22.70333333"
"CENTRO CULTURAL DANIEL MANTILLA ORBEGOZO - PIEDECUESTA","2023-05-11","","20.07542857"
"CENTRO CULTURAL DANIEL MANTILLA ORBEGOZO - PIEDECUESTA","2023-05-10","","22.64841667"
"CENTRO CULTURAL DANIEL MANTILLA ORBEGOZO - PIEDECUESTA","2023-05-09","","24.645625"
"CENTRO CULTURAL DANIEL MANTILLA ORBEGOZO - PIEDECUESTA","2023-05-08","","27.60616667"
"CENTRO CULTURAL DANIEL MANTILLA ORBEGOZO - PIEDECUESTA","2023-05-07","","21.59652174"
"CENTRO CULTURAL DANIEL MANTILLA ORBEGOZO - PIEDECUESTA","2023-05-06","","26.00845833"
"CENTRO CULTURAL DANIEL MANTILLA ORBEGOZO - PIEDECUESTA","2023-05-05","","30.71625"
"CENTRO CULTURAL DANIEL MANTILLA ORBEGOZO - PIEDECUESTA","2023-05-04","","27.87233333"
"CENTRO CULTURAL DANIEL MANTILLA ORBEGOZO - PIEDECUESTA","2023-05-03","","27.98079167"
"CENTRO CULTURAL DANIEL MANTILLA ORBEGOZO - PIEDECUESTA","2023-05-02","","24.06304167"
"CENTRO CULTURAL DANIEL MANTILLA ORBEGOZO - PIEDECUESTA","2023-05-01","","15.43466667"
"CENTRO CULTURAL DANIEL MANTILLA ORBEGOZO - PIEDECUESTA","2023-04-30","","18.32013043"
"CENTRO CULTURAL DANIEL MANTILLA ORBEGOZO - PIEDECUESTA","2023-04-29","","19.21225"
"CENTRO CULTURAL DANIEL MANTILLA ORBEGOZO - PIEDECUESTA","2023-04-28","","22.78228571"
"CENTRO CULTURAL DANIEL MANTILLA ORBEGOZO - PIEDECUESTA","2023-04-27","","24.37891667"
"CENTRO CULTURAL DANIEL MANTILLA ORBEGOZO - PIEDECUESTA","2023-04-26","","23.204625"
"CENTRO CULTURAL DANIEL MANTILLA ORBEGOZO - PIEDECUESTA","2023-04-25","","21.903"
"CENTRO CULTURAL DANIEL MANTILLA ORBEGOZO - PIEDECUESTA","2023-04-24","","21.39454167"
"CENTRO CULTURAL DANIEL MANTILLA ORBEGOZO - PIEDECUESTA","2023-04-23","","17.86469565"
"CENTRO CULTURAL DANIEL MANTILLA ORBEGOZO - PIEDECUESTA","2023-04-22","","22.614875"
"CENTRO CULTURAL DANIEL MANTILLA ORBEGOZO - PIEDECUESTA","2023-04-21","","26.75716667"
"CENTRO CULTURAL DANIEL MANTILLA ORBEGOZO - PIEDECUESTA","2023-04-20","","27.774125"
"CENTRO CULTURAL DANIEL MANTILLA ORBEGOZO - PIEDECUESTA","2023-04-19","","24.34141667"
"CENTRO CULTURAL DANIEL MANTILLA ORBEGOZO - PIEDECUESTA","2023-04-18","","23.42291667"
"CENTRO CULTURAL DANIEL MANTILLA ORBEGOZO - PIEDECUESTA","2023-04-17","","23.14555556"
"CENTRO CULTURAL DANIEL MANTILLA ORBEGOZO - PIEDECUESTA","2023-04-16","","18.55469565"
"CENTRO CULTURAL DANIEL MANTILLA ORBEGOZO - PIEDECUESTA","2023-04-15","","25.21441667"
"CENTRO CULTURAL DANIEL MANTILLA ORBEGOZO - PIEDECUESTA","2023-04-14","","27.16758333"
"CENTRO CULTURAL DANIEL MANTILLA ORBEGOZO - PIEDECUESTA","2023-04-13","","29.10429167"
"CENTRO CULTURAL DANIEL MANTILLA ORBEGOZO - PIEDECUESTA","2023-04-12","","23.98004167"
"CENTRO CULTURAL DANIEL MANTILLA ORBEGOZO - PIEDECUESTA","2023-04-11","","23.15491667"
"CENTRO CULTURAL DANIEL MANTILLA ORBEGOZO - PIEDECUESTA","2023-04-10","","28.18315789"
"CENTRO CULTURAL DANIEL MANTILLA ORBEGOZO - PIEDECUESTA","2023-04-09","","19.8915"
"CENTRO CULTURAL DANIEL MANTILLA ORBEGOZO - PIEDECUESTA","2023-04-08","","18.95666667"
"CENTRO CULTURAL DANIEL MANTILLA ORBEGOZO - PIEDECUESTA","2023-04-07","","14.3685"
"CENTRO CULTURAL DANIEL MANTILLA ORBEGOZO - PIEDECUESTA","2023-04-06","","24.07925"
"CENTRO CULTURAL DANIEL MANTILLA ORBEGOZO - PIEDECUESTA","2023-04-05","","29.76770833"
"CENTRO CULTURAL DANIEL MANTILLA ORBEGOZO - PIEDECUESTA","2023-04-04","","24.03870833"
"CENTRO CULTURAL DANIEL MANTILLA ORBEGOZO - PIEDECUESTA","2023-04-03","","21.859"
"CENTRO CULTURAL DANIEL MANTILLA ORBEGOZO - PIEDECUESTA","2023-04-02","","22.89841667"
"CENTRO CULTURAL DANIEL MANTILLA ORBEGOZO - PIEDECUESTA","2023-04-01","","26.72033333"
"CENTRO CULTURAL DANIEL MANTILLA ORBEGOZO - PIEDECUESTA","2023-03-31","","33.63833333"
"CENTRO CULTURAL DANIEL MANTILLA ORBEGOZO - PIEDECUESTA","2023-03-30","","30.56975"
"CENTRO CULTURAL DANIEL MANTILLA ORBEGOZO - PIEDECUESTA","2023-03-29","","35.56391667"
"CENTRO CULTURAL DANIEL MANTILLA ORBEGOZO - PIEDECUESTA","2023-03-28","","24.86170833"
"CENTRO CULTURAL DANIEL MANTILLA ORBEGOZO - PIEDECUESTA","2023-03-27","","23.69804167"
"CENTRO CULTURAL DANIEL MANTILLA ORBEGOZO - PIEDECUESTA","2023-03-26","","25.037125"
"CENTRO CULTURAL DANIEL MANTILLA ORBEGOZO - PIEDECUESTA","2023-03-25","","27.78479167"
"CENTRO CULTURAL DANIEL MANTILLA ORBEGOZO - PIEDECUESTA","2023-03-24","","27.81995833"
"CENTRO CULTURAL DANIEL MANTILLA ORBEGOZO - PIEDECUESTA","2023-03-23","","28.567875"
"CENTRO CULTURAL DANIEL MANTILLA ORBEGOZO - PIEDECUESTA","2023-03-22","","24.932125"
"CENTRO CULTURAL DANIEL MANTILLA ORBEGOZO - PIEDECUESTA","2023-03-21","","26.49329167"
"CENTRO CULTURAL DANIEL MANTILLA ORBEGOZO - PIEDECUESTA","2023-03-20","","20.76041667"
"CENTRO CULTURAL DANIEL MANTILLA ORBEGOZO - PIEDECUESTA","2023-03-19","","19.35895833"
"CENTRO CULTURAL DANIEL MANTILLA ORBEGOZO - PIEDECUESTA","2023-03-18","","21.18145833"
"CENTRO CULTURAL DANIEL MANTILLA ORBEGOZO - PIEDECUESTA","2023-03-17","","23.62758333"
"CENTRO CULTURAL DANIEL MANTILLA ORBEGOZO - PIEDECUESTA","2023-03-16","","23.8842"
"CENTRO CULTURAL DANIEL MANTILLA ORBEGOZO - PIEDECUESTA","2023-03-15","","22.87145833"
"CENTRO CULTURAL DANIEL MANTILLA ORBEGOZO - PIEDECUESTA","2023-03-14","","23.23629167"
"CENTRO CULTURAL DANIEL MANTILLA ORBEGOZO - PIEDECUESTA","2023-03-13","","25.98404167"
"CENTRO CULTURAL DANIEL MANTILLA ORBEGOZO - PIEDECUESTA","2023-03-12","","22.06945833"
"CENTRO CULTURAL DANIEL MANTILLA ORBEGOZO - PIEDECUESTA","2023-03-11","","28.12666667"
"CENTRO CULTURAL DANIEL MANTILLA ORBEGOZO - PIEDECUESTA","2023-03-10","","25.36404167"
"CENTRO CULTURAL DANIEL MANTILLA ORBEGOZO - PIEDECUESTA","2023-03-09","","28.6305"
"CENTRO CULTURAL DANIEL MANTILLA ORBEGOZO - PIEDECUESTA","2023-03-08","","25.9205"
"CENTRO CULTURAL DANIEL MANTILLA ORBEGOZO - PIEDECUESTA","2023-03-07","","25.609875"
"CENTRO CULTURAL DANIEL MANTILLA ORBEGOZO - PIEDECUESTA","2023-03-06","","22.626875"
"CENTRO CULTURAL DANIEL MANTILLA ORBEGOZO - PIEDECUESTA","2023-03-05","","18.53752174"
"CENTRO CULTURAL DANIEL MANTILLA ORBEGOZO - PIEDECUESTA","2023-03-04","","26.50091667"
"CENTRO CULTURAL DANIEL MANTILLA ORBEGOZO - PIEDECUESTA","2023-03-03","","26.72325"
"CENTRO CULTURAL DANIEL MANTILLA ORBEGOZO - PIEDECUESTA","2023-03-02","","25.351875"
"CENTRO CULTURAL DANIEL MANTILLA ORBEGOZO - PIEDECUESTA","2023-03-01","","24.59120833"
"CENTRO CULTURAL DANIEL MANTILLA ORBEGOZO - PIEDECUESTA","2023-02-28","","23.89429167"
"CENTRO CULTURAL DANIEL MANTILLA ORBEGOZO - PIEDECUESTA","2023-02-27","","18.60408333"
"CENTRO CULTURAL DANIEL MANTILLA ORBEGOZO - PIEDECUESTA","2023-02-26","","28.31369565"
"CENTRO CULTURAL DANIEL MANTILLA ORBEGOZO - PIEDECUESTA","2023-02-25","","33.8665"
"CENTRO CULTURAL DANIEL MANTILLA ORBEGOZO - PIEDECUESTA","2023-02-24","","36.8835"
"CENTRO CULTURAL DANIEL MANTILLA ORBEGOZO - PIEDECUESTA","2023-02-23","","25.50270833"
"CENTRO CULTURAL DANIEL MANTILLA ORBEGOZO - PIEDECUESTA","2023-02-22","","27.30691667"
"CENTRO CULTURAL DANIEL MANTILLA ORBEGOZO - PIEDECUESTA","2023-02-21","","22.00916667"
"CENTRO CULTURAL DANIEL MANTILLA ORBEGOZO - PIEDECUESTA","2023-02-20","","24.75575"
"CENTRO CULTURAL DANIEL MANTILLA ORBEGOZO - PIEDECUESTA","2023-02-19","","23.58465217"
"CENTRO CULTURAL DANIEL MANTILLA ORBEGOZO - PIEDECUESTA","2023-02-18","","21.411375"
"CENTRO CULTURAL DANIEL MANTILLA ORBEGOZO - PIEDECUESTA","2023-02-17","","25.164"
"CENTRO CULTURAL DANIEL MANTILLA ORBEGOZO - PIEDECUESTA","2023-02-16","","26.73933333"
"CENTRO CULTURAL DANIEL MANTILLA ORBEGOZO - PIEDECUESTA","2023-02-15","","22.49470833"
"CENTRO CULTURAL DANIEL MANTILLA ORBEGOZO - PIEDECUESTA","2023-02-14","","25.11081818"
"CENTRO CULTURAL DANIEL MANTILLA ORBEGOZO - PIEDECUESTA","2023-02-13","","25.00154167"
"CENTRO CULTURAL DANIEL MANTILLA ORBEGOZO - PIEDECUESTA","2023-02-12","","23.77325"
"CENTRO CULTURAL DANIEL MANTILLA ORBEGOZO - PIEDECUESTA","2023-02-11","","31.961875"
"CENTRO CULTURAL DANIEL MANTILLA ORBEGOZO - PIEDECUESTA","2023-02-10","","35.17779167"
"CENTRO CULTURAL DANIEL MANTILLA ORBEGOZO - PIEDECUESTA","2023-02-09","","25.59283333"
"CENTRO CULTURAL DANIEL MANTILLA ORBEGOZO - PIEDECUESTA","2023-02-08","","23.27670833"
"CENTRO CULTURAL DANIEL MANTILLA ORBEGOZO - PIEDECUESTA","2023-02-07","","27.98858333"
"CENTRO CULTURAL DANIEL MANTILLA ORBEGOZO - PIEDECUESTA","2023-02-06","","42.38305"
"CENTRO CULTURAL DANIEL MANTILLA ORBEGOZO - PIEDECUESTA","2023-02-05","","30.70304167"
"CENTRO CULTURAL DANIEL MANTILLA ORBEGOZO - PIEDECUESTA","2023-02-04","","35.267"
"CENTRO CULTURAL DANIEL MANTILLA ORBEGOZO - PIEDECUESTA","2023-02-03","","48.32245455"
"CENTRO CULTURAL DANIEL MANTILLA ORBEGOZO - PIEDECUESTA","2023-02-02","","70.8241"
"CENTRO CULTURAL DANIEL MANTILLA ORBEGOZO - PIEDECUESTA","2023-02-01","","59.19975"
"CENTRO CULTURAL DANIEL MANTILLA ORBEGOZO - PIEDECUESTA","2023-01-31","","48.24620833"
"CENTRO CULTURAL DANIEL MANTILLA ORBEGOZO - PIEDECUESTA","2023-01-30","","36.25920833"
"CENTRO CULTURAL DANIEL MANTILLA ORBEGOZO - PIEDECUESTA","2023-01-29","","33.77216667"
"CENTRO CULTURAL DANIEL MANTILLA ORBEGOZO - PIEDECUESTA","2023-01-28","","40.20466667"
"CENTRO CULTURAL DANIEL MANTILLA ORBEGOZO - PIEDECUESTA","2023-01-27","","41.1115"
"CENTRO CULTURAL DANIEL MANTILLA ORBEGOZO - PIEDECUESTA","2023-01-26","","42.23716667"
"CENTRO CULTURAL DANIEL MANTILLA ORBEGOZO - PIEDECUESTA","2023-01-25","","33.62841667"
"CENTRO CULTURAL DANIEL MANTILLA ORBEGOZO - PIEDECUESTA","2023-01-24","","31.739625"
"CENTRO CULTURAL DANIEL MANTILLA ORBEGOZO - PIEDECUESTA","2023-01-23","","31.17366667"
"CENTRO CULTURAL DANIEL MANTILLA ORBEGOZO - PIEDECUESTA","2023-01-22","","29.6405"
"CENTRO CULTURAL DANIEL MANTILLA ORBEGOZO - PIEDECUESTA","2023-01-21","","28.15358333"
"CENTRO CULTURAL DANIEL MANTILLA ORBEGOZO - PIEDECUESTA","2023-01-20","","29.06279167"
"CENTRO CULTURAL DANIEL MANTILLA ORBEGOZO - PIEDECUESTA","2023-01-19","","28.96954167"
"CENTRO CULTURAL DANIEL MANTILLA ORBEGOZO - PIEDECUESTA","2023-01-18","","29.85083333"
"CENTRO CULTURAL DANIEL MANTILLA ORBEGOZO - PIEDECUESTA","2023-01-17","","26.1375"
"CENTRO CULTURAL DANIEL MANTILLA ORBEGOZO - PIEDECUESTA","2023-01-16","","22.87356522"
"CENTRO CULTURAL DANIEL MANTILLA ORBEGOZO - PIEDECUESTA","2023-01-15","","20.87804348"
"CENTRO CULTURAL DANIEL MANTILLA ORBEGOZO - PIEDECUESTA","2023-01-14","","25.05208333"
"CENTRO CULTURAL DANIEL MANTILLA ORBEGOZO - PIEDECUESTA","2023-01-13","","24.83666667"
"CENTRO CULTURAL DANIEL MANTILLA ORBEGOZO - PIEDECUESTA","2023-01-12","","25.8043913"
"CENTRO CULTURAL DANIEL MANTILLA ORBEGOZO - PIEDECUESTA","2023-01-11","","24.27729167"
"CENTRO CULTURAL DANIEL MANTILLA ORBEGOZO - PIEDECUESTA","2023-01-10","","24.71775"
"CENTRO CULTURAL DANIEL MANTILLA ORBEGOZO - PIEDECUESTA","2023-01-09","","19.94295652"
"CENTRO CULTURAL DANIEL MANTILLA ORBEGOZO - PIEDECUESTA","2023-01-08","","20.93881818"
"CENTRO CULTURAL DANIEL MANTILLA ORBEGOZO - PIEDECUESTA","2023-01-07","","25.14583333"
"CENTRO CULTURAL DANIEL MANTILLA ORBEGOZO - PIEDECUESTA","2023-01-06","","26.46666667"
"CENTRO CULTURAL DANIEL MANTILLA ORBEGOZO - PIEDECUESTA","2023-01-05","","28.89583333"
"CENTRO CULTURAL DANIEL MANTILLA ORBEGOZO - PIEDECUESTA","2023-01-04","","28.26521739"
"CENTRO CULTURAL DANIEL MANTILLA ORBEGOZO - PIEDECUESTA","2023-01-03","","29.00416667"
"CENTRO CULTURAL DANIEL MANTILLA ORBEGOZO - PIEDECUESTA","2023-01-02","","26.13333333"
"CENTRO CULTURAL DANIEL MANTILLA ORBEGOZO - PIEDECUESTA","2023-01-01","","15.61304348"
"CENTRO CULTURAL DANIEL MANTILLA ORBEGOZO - PIEDECUESTA","2022-12-31","","31.16782609"
"CENTRO CULTURAL DANIEL MANTILLA ORBEGOZO - PIEDECUESTA","2022-12-30","","32.55270833"
"CENTRO CULTURAL DANIEL MANTILLA ORBEGOZO - PIEDECUESTA","2022-12-29","","28.72804167"
"CENTRO CULTURAL DANIEL MANTILLA ORBEGOZO - PIEDECUESTA","2022-12-28","","25.08766667"
"CENTRO CULTURAL DANIEL MANTILLA ORBEGOZO - PIEDECUESTA","2022-12-27","","31.00491667"
"CENTRO CULTURAL DANIEL MANTILLA ORBEGOZO - PIEDECUESTA","2022-12-26","","34.212625"
"CENTRO CULTURAL DANIEL MANTILLA ORBEGOZO - PIEDECUESTA","2022-12-25","","25.72520833"
"CENTRO CULTURAL DANIEL MANTILLA ORBEGOZO - PIEDECUESTA","2022-12-24","","33.832625"
"CENTRO CULTURAL DANIEL MANTILLA ORBEGOZO - PIEDECUESTA","2022-12-23","","34.667625"
"CENTRO CULTURAL DANIEL MANTILLA ORBEGOZO - PIEDECUESTA","2022-12-22","","31.957"
"CENTRO CULTURAL DANIEL MANTILLA ORBEGOZO - PIEDECUESTA","2022-12-21","","35.69416667"
"CENTRO CULTURAL DANIEL MANTILLA ORBEGOZO - PIEDECUESTA","2022-12-20","","32.29441667"
"CENTRO CULTURAL DANIEL MANTILLA ORBEGOZO - PIEDECUESTA","2022-12-19","","27.77483333"
"CENTRO CULTURAL DANIEL MANTILLA ORBEGOZO - PIEDECUESTA","2022-12-18","","25.28879167"
"CENTRO CULTURAL DANIEL MANTILLA ORBEGOZO - PIEDECUESTA","2022-12-17","","30.25"
"CENTRO CULTURAL DANIEL MANTILLA ORBEGOZO - PIEDECUESTA","2022-12-16","","31.50916667"
"CENTRO CULTURAL DANIEL MANTILLA ORBEGOZO - PIEDECUESTA","2022-12-15","","28.6405"
"CENTRO CULTURAL DANIEL MANTILLA ORBEGOZO - PIEDECUESTA","2022-12-14","","27.01695833"
"CENTRO CULTURAL DANIEL MANTILLA ORBEGOZO - PIEDECUESTA","2022-12-13","","25.82866667"
"CENTRO CULTURAL DANIEL MANTILLA ORBEGOZO - PIEDECUESTA","2022-12-12","","28.42010526"
"CENTRO CULTURAL DANIEL MANTILLA ORBEGOZO - PIEDECUESTA","2022-12-11","","27.406125"
"CENTRO CULTURAL DANIEL MANTILLA ORBEGOZO - PIEDECUESTA","2022-12-10","","31.006125"
"CENTRO CULTURAL DANIEL MANTILLA ORBEGOZO - PIEDECUESTA","2022-12-09","","35.83486364"
"CENTRO CULTURAL DANIEL MANTILLA ORBEGOZO - PIEDECUESTA","2022-12-08","","28.55866667"
"CENTRO CULTURAL DANIEL MANTILLA ORBEGOZO - PIEDECUESTA","2022-12-07","","33.1445"
"CENTRO CULTURAL DANIEL MANTILLA ORBEGOZO - PIEDECUESTA","2022-12-06","","28.85554167"
"CENTRO CULTURAL DANIEL MANTILLA ORBEGOZO - PIEDECUESTA","2022-12-05","","29.03558333"
"CENTRO CULTURAL DANIEL MANTILLA ORBEGOZO - PIEDECUESTA","2022-12-04","","27.026375"
"CENTRO CULTURAL DANIEL MANTILLA ORBEGOZO - PIEDECUESTA","2022-12-03","","31.00254167"
"CENTRO CULTURAL DANIEL MANTILLA ORBEGOZO - PIEDECUESTA","2022-12-02","","33.45020833"
"CENTRO CULTURAL DANIEL MANTILLA ORBEGOZO - PIEDECUESTA","2022-12-01","","30.22933333"
"CENTRO CULTURAL DANIEL MANTILLA ORBEGOZO - PIEDECUESTA","2022-11-30","","23.92645833"
"CENTRO CULTURAL DANIEL MANTILLA ORBEGOZO - PIEDECUESTA","2022-11-29","","25.67770833"
"CENTRO CULTURAL DANIEL MANTILLA ORBEGOZO - PIEDECUESTA","2022-11-28","","24.039375"
"CENTRO CULTURAL DANIEL MANTILLA ORBEGOZO - PIEDECUESTA","2022-11-27","","19.37478261"
"CENTRO CULTURAL DANIEL MANTILLA ORBEGOZO - PIEDECUESTA","2022-11-26","","26.29919048"
"CENTRO CULTURAL DANIEL MANTILLA ORBEGOZO - PIEDECUESTA","2022-11-25","","26.00363636"
"CENTRO CULTURAL DANIEL MANTILLA ORBEGOZO - PIEDECUESTA","2022-11-24","","24.4178125"
"CENTRO CULTURAL DANIEL MANTILLA ORBEGOZO - PIEDECUESTA","2022-11-23","","24.63779167"
"CENTRO CULTURAL DANIEL MANTILLA ORBEGOZO - PIEDECUESTA","2022-11-22","","24.05583333"
"CENTRO CULTURAL DANIEL MANTILLA ORBEGOZO - PIEDECUESTA","2022-11-21","","23.875375"
"CENTRO CULTURAL DANIEL MANTILLA ORBEGOZO - PIEDECUESTA","2022-11-20","","20.48091667"
"CENTRO CULTURAL DANIEL MANTILLA ORBEGOZO - PIEDECUESTA","2022-11-19","","22.45666667"
"CENTRO CULTURAL DANIEL MANTILLA ORBEGOZO - PIEDECUESTA","2022-11-18","","22.6825625"
"CENTRO CULTURAL DANIEL MANTILLA ORBEGOZO - PIEDECUESTA","2022-11-17","","27.87820833"
"CENTRO CULTURAL DANIEL MANTILLA ORBEGOZO - PIEDECUESTA","2022-11-16","","23.24954167"
"CENTRO CULTURAL DANIEL MANTILLA ORBEGOZO - PIEDECUESTA","2022-11-15","","22.0975"
"CENTRO CULTURAL DANIEL MANTILLA ORBEGOZO - PIEDECUESTA","2022-11-14","","15.878625"
"CENTRO CULTURAL DANIEL MANTILLA ORBEGOZO - PIEDECUESTA","2022-11-13","","15.759875"
"CENTRO CULTURAL DANIEL MANTILLA ORBEGOZO - PIEDECUESTA","2022-11-12","","22.65183333"
"CENTRO CULTURAL DANIEL MANTILLA ORBEGOZO - PIEDECUESTA","2022-11-11","","22.82333333"
"CENTRO CULTURAL DANIEL MANTILLA ORBEGOZO - PIEDECUESTA","2022-11-10","","24.352"
"CENTRO CULTURAL DANIEL MANTILLA ORBEGOZO - PIEDECUESTA","2022-11-09","","21.310125"
"CENTRO CULTURAL DANIEL MANTILLA ORBEGOZO - PIEDECUESTA","2022-11-08","","19.888375"
"CENTRO CULTURAL DANIEL MANTILLA ORBEGOZO - PIEDECUESTA","2022-11-07","","12.96152381"
"CENTRO CULTURAL DANIEL MANTILLA ORBEGOZO - PIEDECUESTA","2022-11-06","","16.82133333"
"CENTRO CULTURAL DANIEL MANTILLA ORBEGOZO - PIEDECUESTA","2022-11-05","","21.08216667"
"CENTRO CULTURAL DANIEL MANTILLA ORBEGOZO - PIEDECUESTA","2022-11-04","","25.17679167"
"CENTRO CULTURAL DANIEL MANTILLA ORBEGOZO - PIEDECUESTA","2022-11-03","","25.87791667"
"CENTRO CULTURAL DANIEL MANTILLA ORBEGOZO - PIEDECUESTA","2022-11-02","","26.32870833"
"CENTRO CULTURAL DANIEL MANTILLA ORBEGOZO - PIEDECUESTA","2022-11-01","","26.61952632"
"CENTRO CULTURAL DANIEL MANTILLA ORBEGOZO - PIEDECUESTA","2022-10-31","","30.30476471"
"CENTRO CULTURAL DANIEL MANTILLA ORBEGOZO - PIEDECUESTA","2022-10-30","","25.2565"
"CENTRO CULTURAL DANIEL MANTILLA ORBEGOZO - PIEDECUESTA","2022-10-29","","25.58691667"
"CENTRO CULTURAL DANIEL MANTILLA ORBEGOZO - PIEDECUESTA","2022-10-28","","24.18"
"CENTRO CULTURAL DANIEL MANTILLA ORBEGOZO - PIEDECUESTA","2022-10-27","","23.16175"
"CENTRO CULTURAL DANIEL MANTILLA ORBEGOZO - PIEDECUESTA","2022-10-26","","30.0202"
"CENTRO CULTURAL DANIEL MANTILLA ORBEGOZO - PIEDECUESTA","2022-10-25","","28.34204167"
"CENTRO CULTURAL DANIEL MANTILLA ORBEGOZO - PIEDECUESTA","2022-10-24","","23.90995833"
"CENTRO CULTURAL DANIEL MANTILLA ORBEGOZO - PIEDECUESTA","2022-10-23","","20.78266667"
"CENTRO CULTURAL DANIEL MANTILLA ORBEGOZO - PIEDECUESTA","2022-10-22","","25.35504167"
"CENTRO CULTURAL DANIEL MANTILLA ORBEGOZO - PIEDECUESTA","2022-10-21","","27.68391667"
"CENTRO CULTURAL DANIEL MANTILLA ORBEGOZO - PIEDECUESTA","2022-10-20","","28.82933333"
"CENTRO CULTURAL DANIEL MANTILLA ORBEGOZO - PIEDECUESTA","2022-10-19","","25.67420833"
"CENTRO CULTURAL DANIEL MANTILLA ORBEGOZO - PIEDECUESTA","2022-10-18","","27.48804167"
"CENTRO CULTURAL DANIEL MANTILLA ORBEGOZO - PIEDECUESTA","2022-10-17","","17.75954167"
"CENTRO CULTURAL DANIEL MANTILLA ORBEGOZO - PIEDECUESTA","2022-10-16","","21.0315"
"CENTRO CULTURAL DANIEL MANTILLA ORBEGOZO - PIEDECUESTA","2022-10-15","","30.26254167"
"CENTRO CULTURAL DANIEL MANTILLA ORBEGOZO - PIEDECUESTA","2022-10-14","","29.83727778"
"CENTRO CULTURAL DANIEL MANTILLA ORBEGOZO - PIEDECUESTA","2022-10-13","","26.10675"
"CENTRO CULTURAL DANIEL MANTILLA ORBEGOZO - PIEDECUESTA","2022-10-12","","27.40095833"
"CENTRO CULTURAL DANIEL MANTILLA ORBEGOZO - PIEDECUESTA","2022-10-11","","26.89229167"
"CENTRO CULTURAL DANIEL MANTILLA ORBEGOZO - PIEDECUESTA","2022-10-10","","24.43783333"
"CENTRO CULTURAL DANIEL MANTILLA ORBEGOZO - PIEDECUESTA","2022-10-09","","22.09882609"
"CENTRO CULTURAL DANIEL MANTILLA ORBEGOZO - PIEDECUESTA","2022-10-08","","24.11708333"
"CENTRO CULTURAL DANIEL MANTILLA ORBEGOZO - PIEDECUESTA","2022-10-07","","23.867375"
"CENTRO CULTURAL DANIEL MANTILLA ORBEGOZO - PIEDECUESTA","2022-10-06","","26.81475"
"CENTRO CULTURAL DANIEL MANTILLA ORBEGOZO - PIEDECUESTA","2022-10-05","","24.824625"
"CENTRO CULTURAL DANIEL MANTILLA ORBEGOZO - PIEDECUESTA","2022-10-04","","27.73625"
"CENTRO CULTURAL DANIEL MANTILLA ORBEGOZO - PIEDECUESTA","2022-10-03","","26.86170833"
"CENTRO CULTURAL DANIEL MANTILLA ORBEGOZO - PIEDECUESTA","2022-10-02","","24.697"
"CENTRO CULTURAL DANIEL MANTILLA ORBEGOZO - PIEDECUESTA","2022-09-28","","23.02157143"
"CENTRO CULTURAL DANIEL MANTILLA ORBEGOZO - PIEDECUESTA","2022-09-27","","30.1885"
"CENTRO CULTURAL DANIEL MANTILLA ORBEGOZO - PIEDECUESTA","2022-09-26","","27.83983333"
"CENTRO CULTURAL DANIEL MANTILLA ORBEGOZO - PIEDECUESTA","2022-09-25","","21.84573913"
"CENTRO CULTURAL DANIEL MANTILLA ORBEGOZO - PIEDECUESTA","2022-09-24","","21.43220833"
"CENTRO CULTURAL DANIEL MANTILLA ORBEGOZO - PIEDECUESTA","2022-09-23","","25.06604167"
"CENTRO CULTURAL DANIEL MANTILLA ORBEGOZO - PIEDECUESTA","2022-09-22","","27.65358333"
"CENTRO CULTURAL DANIEL MANTILLA ORBEGOZO - PIEDECUESTA","2022-09-21","","26.02570833"
"CENTRO CULTURAL DANIEL MANTILLA ORBEGOZO - PIEDECUESTA","2022-09-20","","25.37579167"
"CENTRO CULTURAL DANIEL MANTILLA ORBEGOZO - PIEDECUESTA","2022-09-19","","25.85304167"
"CENTRO CULTURAL DANIEL MANTILLA ORBEGOZO - PIEDECUESTA","2022-09-18","","20.73356522"
"CENTRO CULTURAL DANIEL MANTILLA ORBEGOZO - PIEDECUESTA","2022-09-17","","26.44454167"
"CENTRO CULTURAL DANIEL MANTILLA ORBEGOZO - PIEDECUESTA","2022-09-16","","24.75441667"
"CENTRO CULTURAL DANIEL MANTILLA ORBEGOZO - PIEDECUESTA","2022-09-15","","27.56145455"
"CENTRO CULTURAL DANIEL MANTILLA ORBEGOZO - PIEDECUESTA","2022-09-14","","23.86279167"
"CENTRO CULTURAL DANIEL MANTILLA ORBEGOZO - PIEDECUESTA","2022-09-13","","22.2175"
"CENTRO CULTURAL DANIEL MANTILLA ORBEGOZO - PIEDECUESTA","2022-09-12","","24.29175"
"CENTRO CULTURAL DANIEL MANTILLA ORBEGOZO - PIEDECUESTA","2022-09-11","","21.71913043"
"CENTRO CULTURAL DANIEL MANTILLA ORBEGOZO - PIEDECUESTA","2022-09-10","","24.86541667"
"CENTRO CULTURAL DANIEL MANTILLA ORBEGOZO - PIEDECUESTA","2022-09-09","","25.296125"
"CENTRO CULTURAL DANIEL MANTILLA ORBEGOZO - PIEDECUESTA","2022-09-08","","28.24466667"
"CENTRO CULTURAL DANIEL MANTILLA ORBEGOZO - PIEDECUESTA","2022-09-07","","29.82675"
"CENTRO CULTURAL DANIEL MANTILLA ORBEGOZO - PIEDECUESTA","2022-09-06","","30.06708333"
"CENTRO CULTURAL DANIEL MANTILLA ORBEGOZO - PIEDECUESTA","2022-09-05","","27.42308333"
"CENTRO CULTURAL DANIEL MANTILLA ORBEGOZO - PIEDECUESTA","2022-09-04","","20.66008696"
"CENTRO CULTURAL DANIEL MANTILLA ORBEGOZO - PIEDECUESTA","2022-09-03","","23.39058333"
"CENTRO CULTURAL DANIEL MANTILLA ORBEGOZO - PIEDECUESTA","2022-09-02","","24.33429167"
"CENTRO CULTURAL DANIEL MANTILLA ORBEGOZO - PIEDECUESTA","2022-09-01","","26.484"
"CENTRO CULTURAL DANIEL MANTILLA ORBEGOZO - PIEDECUESTA","2022-08-31","","31.84347826"
"CENTRO CULTURAL DANIEL MANTILLA ORBEGOZO - PIEDECUESTA","2022-08-30","","25.84583333"
"CENTRO CULTURAL DANIEL MANTILLA ORBEGOZO - PIEDECUESTA","2022-08-29","","27.87083333"
"CENTRO CULTURAL DANIEL MANTILLA ORBEGOZO - PIEDECUESTA","2022-08-28","","24.51666667"
"CENTRO CULTURAL DANIEL MANTILLA ORBEGOZO - PIEDECUESTA","2022-08-27","","26.61666667"
"CENTRO CULTURAL DANIEL MANTILLA ORBEGOZO - PIEDECUESTA","2022-08-26","","30.05416667"
"CENTRO CULTURAL DANIEL MANTILLA ORBEGOZO - PIEDECUESTA","2022-08-25","","28.70833333"
"CENTRO CULTURAL DANIEL MANTILLA ORBEGOZO - PIEDECUESTA","2022-08-24","","29.04166667"
"CENTRO CULTURAL DANIEL MANTILLA ORBEGOZO - PIEDECUESTA","2022-08-23","","28.2625"
"CENTRO CULTURAL DANIEL MANTILLA ORBEGOZO - PIEDECUESTA","2022-08-22","","28.35833333"
"CENTRO CULTURAL DANIEL MANTILLA ORBEGOZO - PIEDECUESTA","2022-08-21","","21.475"
"CENTRO CULTURAL DANIEL MANTILLA ORBEGOZO - PIEDECUESTA","2022-08-20","","28.45416667"
"CENTRO CULTURAL DANIEL MANTILLA ORBEGOZO - PIEDECUESTA","2022-08-19","","33.0125"
"CENTRO CULTURAL DANIEL MANTILLA ORBEGOZO - PIEDECUESTA","2022-08-18","","30.66666667"
"CENTRO CULTURAL DANIEL MANTILLA ORBEGOZO - PIEDECUESTA","2022-08-17","","22.1"
"CENTRO CULTURAL DANIEL MANTILLA ORBEGOZO - PIEDECUESTA","2022-08-16","","24.07083333"
"CENTRO CULTURAL DANIEL MANTILLA ORBEGOZO - PIEDECUESTA","2022-08-15","","19.525"
"CENTRO CULTURAL DANIEL MANTILLA ORBEGOZO - PIEDECUESTA","2022-08-14","","20.76666667"
"CENTRO CULTURAL DANIEL MANTILLA ORBEGOZO - PIEDECUESTA","2022-08-13","","29.05416667"
"CENTRO CULTURAL DANIEL MANTILLA ORBEGOZO - PIEDECUESTA","2022-08-12","","31.64583333"
"CENTRO CULTURAL DANIEL MANTILLA ORBEGOZO - PIEDECUESTA","2022-08-11","","30.27916667"
"CENTRO CULTURAL DANIEL MANTILLA ORBEGOZO - PIEDECUESTA","2022-08-10","","25.9375"
"CENTRO CULTURAL DANIEL MANTILLA ORBEGOZO - PIEDECUESTA","2022-08-09","","27.30416667"
"CENTRO CULTURAL DANIEL MANTILLA ORBEGOZO - PIEDECUESTA","2022-08-08","","24.22083333"
"CENTRO CULTURAL DANIEL MANTILLA ORBEGOZO - PIEDECUESTA","2022-08-07","","18.64583333"
"CENTRO CULTURAL DANIEL MANTILLA ORBEGOZO - PIEDECUESTA","2022-08-06","","24.15833333"
"CENTRO CULTURAL DANIEL MANTILLA ORBEGOZO - PIEDECUESTA","2022-08-05","","25.77916667"
"CENTRO CULTURAL DANIEL MANTILLA ORBEGOZO - PIEDECUESTA","2022-08-04","","27.58333333"
"CENTRO CULTURAL DANIEL MANTILLA ORBEGOZO - PIEDECUESTA","2022-08-03","","31.09583333"
"CENTRO CULTURAL DANIEL MANTILLA ORBEGOZO - PIEDECUESTA","2022-08-02","","30.5125"
"CENTRO CULTURAL DANIEL MANTILLA ORBEGOZO - PIEDECUESTA","2022-08-01","","30.60416667"
"CENTRO CULTURAL DANIEL MANTILLA ORBEGOZO - PIEDECUESTA","2022-07-31","","31.40434783"
"CENTRO CULTURAL DANIEL MANTILLA ORBEGOZO - PIEDECUESTA","2022-07-30","","32.42916667"
"CENTRO CULTURAL DANIEL MANTILLA ORBEGOZO - PIEDECUESTA","2022-07-29","","50.11666667"
"CENTRO CULTURAL DANIEL MANTILLA ORBEGOZO - PIEDECUESTA","2022-07-27","","24.71875"
"CENTRO CULTURAL DANIEL MANTILLA ORBEGOZO - PIEDECUESTA","2022-07-26","","25.62083333"
"CENTRO CULTURAL DANIEL MANTILLA ORBEGOZO - PIEDECUESTA","2022-07-25","","26.74583333"
"CENTRO CULTURAL DANIEL MANTILLA ORBEGOZO - PIEDECUESTA","2022-07-24","","20.4375"
"CENTRO CULTURAL DANIEL MANTILLA ORBEGOZO - PIEDECUESTA","2022-07-23","","24.2625"
"CENTRO CULTURAL DANIEL MANTILLA ORBEGOZO - PIEDECUESTA","2022-07-22","","26.2"
"CENTRO CULTURAL DANIEL MANTILLA ORBEGOZO - PIEDECUESTA","2022-07-21","","25.95833333"
"CENTRO CULTURAL DANIEL MANTILLA ORBEGOZO - PIEDECUESTA","2022-07-20","","23.30416667"
"CENTRO CULTURAL DANIEL MANTILLA ORBEGOZO - PIEDECUESTA","2022-07-19","","26.47916667"
"CENTRO CULTURAL DANIEL MANTILLA ORBEGOZO - PIEDECUESTA","2022-07-18","","26.47222222"
"CENTRO CULTURAL DANIEL MANTILLA ORBEGOZO - PIEDECUESTA","2022-07-17","","24.01428571"
"CENTRO CULTURAL DANIEL MANTILLA ORBEGOZO - PIEDECUESTA","2022-07-16","","30.69583333"
"CENTRO CULTURAL DANIEL MANTILLA ORBEGOZO - PIEDECUESTA","2022-07-15","","30.10416667"
"CENTRO CULTURAL DANIEL MANTILLA ORBEGOZO - PIEDECUESTA","2022-07-14","","29.17083333"
"CENTRO CULTURAL DANIEL MANTILLA ORBEGOZO - PIEDECUESTA","2022-07-13","","26.84583333"
"CENTRO CULTURAL DANIEL MANTILLA ORBEGOZO - PIEDECUESTA","2022-07-12","","28.15833333"
"CENTRO CULTURAL DANIEL MANTILLA ORBEGOZO - PIEDECUESTA","2022-07-11","","29.77083333"
"CENTRO CULTURAL DANIEL MANTILLA ORBEGOZO - PIEDECUESTA","2022-07-10","","28.45833333"
"CENTRO CULTURAL DANIEL MANTILLA ORBEGOZO - PIEDECUESTA","2022-07-09","","28.83333333"
"CENTRO CULTURAL DANIEL MANTILLA ORBEGOZO - PIEDECUESTA","2022-07-08","","30.81666667"
"CENTRO CULTURAL DANIEL MANTILLA ORBEGOZO - PIEDECUESTA","2022-07-07","","25.6625"
"CENTRO CULTURAL DANIEL MANTILLA ORBEGOZO - PIEDECUESTA","2022-07-06","","25.30416667"
"CENTRO CULTURAL DANIEL MANTILLA ORBEGOZO - PIEDECUESTA","2022-07-05","","24.2625"
"CENTRO CULTURAL DANIEL MANTILLA ORBEGOZO - PIEDECUESTA","2022-07-04","","22.2"
"CENTRO CULTURAL DANIEL MANTILLA ORBEGOZO - PIEDECUESTA","2022-07-03","","22.95833333"
"CENTRO CULTURAL DANIEL MANTILLA ORBEGOZO - PIEDECUESTA","2022-07-02","","25.225"
"CENTRO CULTURAL DANIEL MANTILLA ORBEGOZO - PIEDECUESTA","2022-07-01","","27.1875"
"CENTRO CULTURAL DANIEL MANTILLA ORBEGOZO - PIEDECUESTA","2022-06-30","","25.9"
"CENTRO CULTURAL DANIEL MANTILLA ORBEGOZO - PIEDECUESTA","2022-06-29","","23.59583333"
"CENTRO CULTURAL DANIEL MANTILLA ORBEGOZO - PIEDECUESTA","2022-06-28","","23.86666667"
"CENTRO CULTURAL DANIEL MANTILLA ORBEGOZO - PIEDECUESTA","2022-06-27","","19.49583333"
"CENTRO CULTURAL DANIEL MANTILLA ORBEGOZO - PIEDECUESTA","2022-06-26","","23.64583333"
"CENTRO CULTURAL DANIEL MANTILLA ORBEGOZO - PIEDECUESTA","2022-06-25","","29.34583333"
"CENTRO CULTURAL DANIEL MANTILLA ORBEGOZO - PIEDECUESTA","2022-06-24","","28.67916667"
"CENTRO CULTURAL DANIEL MANTILLA ORBEGOZO - PIEDECUESTA","2022-06-23","","23.47916667"
"CENTRO CULTURAL DANIEL MANTILLA ORBEGOZO - PIEDECUESTA","2022-06-22","","20.70833333"
"CENTRO CULTURAL DANIEL MANTILLA ORBEGOZO - PIEDECUESTA","2022-06-21","","25.66666667"
"CENTRO CULTURAL DANIEL MANTILLA ORBEGOZO - PIEDECUESTA","2022-06-20","","19.48333333"
"CENTRO CULTURAL DANIEL MANTILLA ORBEGOZO - PIEDECUESTA","2022-06-19","","22.55416667"
"CENTRO CULTURAL DANIEL MANTILLA ORBEGOZO - PIEDECUESTA","2022-06-18","","28.3875"
"CENTRO CULTURAL DANIEL MANTILLA ORBEGOZO - PIEDECUESTA","2022-06-17","","37.98333333"
"CLUB UNIÓN","2023-09-17","","27.757"
"CLUB UNIÓN","2023-09-16","","31.400375"
"CLUB UNIÓN","2023-09-15","","30.74125"
"CLUB UNIÓN","2023-09-14","","33.97308333"
"CLUB UNIÓN","2023-09-13","","30.80820833"
"CLUB UNIÓN","2023-09-12","","29.82694737"
"CLUB UNIÓN","2023-09-11","","27.91041667"
"CLUB UNIÓN","2023-09-10","","23.59465217"
"CLUB UNIÓN","2023-09-09","","34.59516667"
"CLUB UNIÓN","2023-09-08","","37.59183333"
"CLUB UNIÓN","2023-09-07","","33.5725"
"CLUB UNIÓN","2023-09-06","","33.51775"
"CLUB UNIÓN","2023-09-05","","31.52745833"
"CLUB UNIÓN","2023-09-04","","26.390125"
"CLUB UNIÓN","2023-09-03","","24.23186957"
"CLUB UNIÓN","2023-09-02","","31.14604167"
"CLUB UNIÓN","2023-09-01","","36.467625"
"CLUB UNIÓN","2023-08-31","","38.370125"
"CLUB UNIÓN","2023-08-30","","32.59954167"
"CLUB UNIÓN","2023-08-29","","33.19955"
"CLUB UNIÓN","2023-08-28","","31.31125"
"CLUB UNIÓN","2023-08-27","","24.69204348"
"CLUB UNIÓN","2023-08-26","","27.97045833"
"CLUB UNIÓN","2023-08-25","","30.63570833"
"CLUB UNIÓN","2023-08-24","","23.23654167"
"CLUB UNIÓN","2023-08-23","","26.114125"
"CLUB UNIÓN","2023-08-22","","27.81316667"
"CLUB UNIÓN","2023-08-21","","17.362375"
"CLUB UNIÓN","2023-08-20","","17.60808696"
"CLUB UNIÓN","2023-08-19","","25.63066667"
"CLUB UNIÓN","2023-08-18","","29.718"
"CLUB UNIÓN","2023-08-17","","31.62466667"
"CLUB UNIÓN","2023-08-16","","33.18245833"
"CLUB UNIÓN","2023-08-15","","28.41194444"
"CLUB UNIÓN","2023-08-14","","35.503"
"CLUB UNIÓN","2023-08-13","","24.63878261"
"CLUB UNIÓN","2023-08-12","","31.575125"
"CLUB UNIÓN","2023-08-11","","34.69033333"
"CLUB UNIÓN","2023-08-10","","34.64658333"
"CLUB UNIÓN","2023-08-09","","27.37791667"
"CLUB UNIÓN","2023-08-08","","28.37770833"
"CLUB UNIÓN","2023-08-07","","20.50370833"
"CLUB UNIÓN","2023-08-06","","26.01465217"
"CLUB UNIÓN","2023-08-05","","31.32129167"
"CLUB UNIÓN","2023-08-04","","39.64458333"
"CLUB UNIÓN","2023-08-03","","29.62208333"
"CLUB UNIÓN","2023-08-02","","27.90125"
"CLUB UNIÓN","2023-08-01","","26.59552174"
"CLUB UNIÓN","2023-07-31","","24.568"
"CLUB UNIÓN","2023-07-30","","24.334"
"CLUB UNIÓN","2023-07-29","","29.933375"
"CLUB UNIÓN","2023-07-28","","33.87945833"
"CLUB UNIÓN","2023-07-27","","27.58983333"
"CLUB UNIÓN","2023-07-26","","23.90770833"
"CLUB UNIÓN","2023-07-25","","29.22145833"
"CLUB UNIÓN","2023-07-24","","31.25308333"
"CLUB UNIÓN","2023-07-23","","24.47526087"
"CLUB UNIÓN","2023-07-22","","28.65320833"
"CLUB UNIÓN","2023-07-21","","31.84741667"
"CLUB UNIÓN","2023-07-20","","25.61704167"
"CLUB UNIÓN","2023-07-19","","29.02966667"
"CLUB UNIÓN","2023-07-18","","27.79168182"
"CLUB UNIÓN","2023-07-17","","27.25579167"
"CLUB UNIÓN","2023-07-16","","22.02678261"
"CLUB UNIÓN","2023-07-15","","26.932125"
"CLUB UNIÓN","2023-07-14","","38.63221739"
"CLUB UNIÓN","2023-07-13","","27.01745833"
"CLUB UNIÓN","2023-07-12","","30.14620833"
"CLUB UNIÓN","2023-07-11","","36.26941667"
"CLUB UNIÓN","2023-07-10","","30.191125"
"CLUB UNIÓN","2023-07-09","","19.09191304"
"CLUB UNIÓN","2023-07-08","","26.00591667"
"CLUB UNIÓN","2023-07-07","","17.43665217"
"CLUB UNIÓN","2023-07-06","","23.98754167"
"CLUB UNIÓN","2023-07-05","","23.80966667"
"CLUB UNIÓN","2023-07-04","","28.19145833"
"CLUB UNIÓN","2023-07-03","","44.87725"
"CLUB UNIÓN","2023-07-02","","46.50481818"
"CLUB UNIÓN","2023-07-01","","53.055875"
"CLUB UNIÓN","2023-06-30","","52.16333333"
"CLUB UNIÓN","2023-06-29","","51.81744444"
"CLUB UNIÓN","2023-06-28","","52.77383333"
"CLUB UNIÓN","2023-06-27","","44.39416667"
"CLUB UNIÓN","2023-06-26","","55.93225"
"CLUB UNIÓN","2023-06-25","","39.78526087"
"CLUB UNIÓN","2023-06-24","","52.56220833"
"CLUB UNIÓN","2023-06-23","","47.020375"
"CLUB UNIÓN","2023-06-22","","49.73204167"
"CLUB UNIÓN","2023-06-21","","50.276125"
"CLUB UNIÓN","2023-06-20","","39.04495"
"CLUB UNIÓN","2023-06-19","","20.93479167"
"CLUB UNIÓN","2023-06-18","","20.66065217"
"CLUB UNIÓN","2023-06-17","","30.48841667"
"CLUB UNIÓN","2023-06-16","","34.34804167"
"CLUB UNIÓN","2023-06-15","","28.11408333"
"CLUB UNIÓN","2023-06-14","","29.83379167"
"CLUB UNIÓN","2023-06-13","","33.61745833"
"CLUB UNIÓN","2023-06-12","","21.61754167"
"CLUB UNIÓN","2023-06-11","","19.88021739"
"CLUB UNIÓN","2023-06-10","","25.18608333"
"CLUB UNIÓN","2023-06-09","","27.36608333"
"CLUB UNIÓN","2023-06-08","","33.84679167"
"CLUB UNIÓN","2023-06-07","","30.27008333"
"CLUB UNIÓN","2023-06-06","","26.83743478"
"CLUB UNIÓN","2023-06-05","","25.09529167"
"CLUB UNIÓN","2023-06-04","","21.35434783"
"CLUB UNIÓN","2023-06-03","","26.80283333"
"CLUB UNIÓN","2023-06-02","","30.42325"
"CLUB UNIÓN","2023-06-01","","21.92695833"
"CLUB UNIÓN","2023-05-31","","24.743375"
"CLUB UNIÓN","2023-05-30","","23.55804167"
"CLUB UNIÓN","2023-05-29","","21.79858333"
"CLUB UNIÓN","2023-05-28","","20.29330435"
"CLUB UNIÓN","2023-05-27","","24.532"
"CLUB UNIÓN","2023-05-26","","25.82108333"
"CLUB UNIÓN","2023-05-25","","23.06458333"
"CLUB UNIÓN","2023-05-24","","23.83975"
"CLUB UNIÓN","2023-05-23","","24.87921739"
"CLUB UNIÓN","2023-05-22","","16.01941667"
"CLUB UNIÓN","2023-05-21","","15.52465217"
"CLUB UNIÓN","2023-05-20","","25.05179167"
"CLUB UNIÓN","2023-05-19","","25.96279167"
"CLUB UNIÓN","2023-05-18","","23.59229167"
"CLUB UNIÓN","2023-05-17","","17.79745833"
"CLUB UNIÓN","2023-05-16","","20.694625"
"CLUB UNIÓN","2023-05-15","","21.32004167"
"CLUB UNIÓN","2023-05-14","","19.36191304"
"CLUB UNIÓN","2023-05-13","","28.27920833"
"CLUB UNIÓN","2023-05-12","","27.80170833"
"CLUB UNIÓN","2023-05-11","","26.19116667"
"CLUB UNIÓN","2023-05-10","","25.37491667"
"CLUB UNIÓN","2023-05-09","","30.82075"
"CLUB UNIÓN","2023-05-08","","30.402375"
"CLUB UNIÓN","2023-05-07","","23.76369565"
"CLUB UNIÓN","2023-05-06","","29.8365"
"CLUB UNIÓN","2023-05-05","","32.56033333"
"CLUB UNIÓN","2023-05-04","","33.38429167"
"CLUB UNIÓN","2023-05-03","","33.733875"
"CLUB UNIÓN","2023-05-02","","27.94558333"
"CLUB UNIÓN","2023-05-01","","15.46133333"
"CLUB UNIÓN","2023-04-30","","21.896"
"CLUB UNIÓN","2023-04-28","","27.02447826"
"CLUB UNIÓN","2023-04-27","","26.15677273"
"CLUB UNIÓN","2023-04-26","","24.26508333"
"CLUB UNIÓN","2023-04-25","","25.87188889"
"CLUB UNIÓN","2023-04-22","","28.9204"
"CLUB UNIÓN","2023-04-21","","30.28291667"
"CLUB UNIÓN","2023-04-20","","33.65270833"
"CLUB UNIÓN","2023-04-19","","30.81458333"
"CLUB UNIÓN","2023-04-18","","24.72008333"
"CLUB UNIÓN","2023-04-17","","25.592625"
"CLUB UNIÓN","2023-04-16","","20.69995652"
"CLUB UNIÓN","2023-04-15","","29.91575"
"CLUB UNIÓN","2023-04-14","","31.91195238"
"CLUB UNIÓN","2023-04-13","","46.72920833"
"CLUB UNIÓN","2023-04-12","","32.72616667"
"CLUB UNIÓN","2023-04-11","","29.57833333"
"CLUB UNIÓN","2023-04-10","","28.41889474"
"CLUB UNIÓN","2023-04-09","","20.94630435"
"CLUB UNIÓN","2023-04-08","","20.31991667"
"CLUB UNIÓN","2023-04-07","","13.3055"
"CLUB UNIÓN","2023-04-06","","23.80416667"
"CLUB UNIÓN","2023-04-05","","30.2665"
"CLUB UNIÓN","2023-04-04","","32.82925"
"CLUB UNIÓN","2023-04-03","","29.640375"
"CLUB UNIÓN","2023-04-02","","29.997375"
"CLUB UNIÓN","2023-04-01","","32.47241667"
"CLUB UNIÓN","2023-03-31","","38.13058333"
"CLUB UNIÓN","2023-03-30","","37.15875"
"CLUB UNIÓN","2023-03-29","","37.86216667"
"CLUB UNIÓN","2023-03-28","","32.90183333"
"CLUB UNIÓN","2023-03-27","","34.02858333"
"CLUB UNIÓN","2023-03-26","","32.00195833"
"CLUB UNIÓN","2023-03-25","","38.107"
"CLUB UNIÓN","2023-03-24","","36.03979167"
"CLUB UNIÓN","2023-03-23","","34.17479167"
"CLUB UNIÓN","2023-03-22","","33.38141667"
"CLUB UNIÓN","2023-03-21","","28.63154167"
"CLUB UNIÓN","2023-03-20","","21.49829167"
"CLUB UNIÓN","2023-03-19","","18.52070833"
"CLUB UNIÓN","2023-03-18","","23.3095"
"CLUB UNIÓN","2023-03-17","","28.500375"
"CLUB UNIÓN","2023-03-16","","31.33458333"
"CLUB UNIÓN","2023-03-15","","30.32195833"
"CLUB UNIÓN","2023-03-14","","33.29425"
"CLUB UNIÓN","2023-03-13","","35.82041667"
"CLUB UNIÓN","2023-03-12","","36.65679167"
"CLUB UNIÓN","2023-03-11","","46.65466667"
"CLUB UNIÓN","2023-03-10","","35.92379167"
"CLUB UNIÓN","2023-03-09","","34.91979167"
"CLUB UNIÓN","2023-03-08","","30.51491667"
"CLUB UNIÓN","2023-03-07","","45.48244444"
"CLUB UNIÓN","2023-02-26","","47.5182"
"CLUB UNIÓN","2023-02-25","","61.68325"
"CLUB UNIÓN","2023-02-24","","61.64633333"
"CLUB UNIÓN","2023-02-23","","38.339625"
"CLUB UNIÓN","2023-02-22","","40.45054167"
"CLUB UNIÓN","2023-02-21","","35.32004167"
"CLUB UNIÓN","2023-02-20","","29.99958333"
"CLUB UNIÓN","2023-02-19","","27.99230435"
"CLUB UNIÓN","2023-02-18","","44.30745833"
"CLUB UNIÓN","2023-02-17","","50.52566667"
"CLUB UNIÓN","2023-02-16","","42.35675"
"CLUB UNIÓN","2023-02-15","","35.22283333"
"CLUB UNIÓN","2023-02-14","","34.84795455"
"CLUB UNIÓN","2023-02-13","","29.39558333"
"CLUB UNIÓN","2023-02-12","","26.3225"
"CLUB UNIÓN","2023-02-11","","52.81745833"
"CLUB UNIÓN","2023-02-10","","40.76858333"
"CLUB UNIÓN","2023-02-09","","36.9385"
"CLUB UNIÓN","2023-02-08","","29.493625"
"CLUB UNIÓN","2023-02-07","","31.10020833"
"CLUB UNIÓN","2023-02-06","","35.38333333"
"CLUB UNIÓN","2023-02-05","","23.983125"
"CLUB UNIÓN","2023-02-04","","29.2185"
"CLUB UNIÓN","2023-02-03","","35.46345833"
"CLUB UNIÓN","2023-02-02","","35.48883333"
"CLUB UNIÓN","2023-02-01","","32.624"
"CLUB UNIÓN","2023-01-31","","33.133"
"CLUB UNIÓN","2023-01-30","","37.54095833"
"CLUB UNIÓN","2023-01-29","","37.88525"
"CLUB UNIÓN","2023-01-28","","48.65291667"
"CLUB UNIÓN","2023-01-27","","41.33054167"
"CLUB UNIÓN","2023-01-26","","42.91240909"
"CLUB UNIÓN","2023-01-25","","37.59258333"
"CLUB UNIÓN","2023-01-24","","32.67225"
"CLUB UNIÓN","2023-01-23","","32.191125"
"CLUB UNIÓN","2023-01-22","","26.40020833"
"CLUB UNIÓN","2023-01-21","","29.37070833"
"CLUB UNIÓN","2023-01-20","","27.87283333"
"CLUB UNIÓN","2023-01-19","","28.42495833"
"CLUB UNIÓN","2023-01-18","","29.91825"
"CLUB UNIÓN","2023-01-17","","24.78941667"
"CLUB UNIÓN","2023-01-16","","19.46486957"
"CLUB UNIÓN","2023-01-15","","17.00479167"
"CLUB UNIÓN","2023-01-14","","21.13916667"
"CLUB UNIÓN","2023-01-13","","24.55175"
"CLUB UNIÓN","2023-01-12","","23.612375"
"CLUB UNIÓN","2023-01-11","","22.82491667"
"CLUB UNIÓN","2023-01-10","","17.87733333"
"CLUB UNIÓN","2023-01-09","","11.19713043"
"CLUB UNIÓN","2023-01-08","","14.19678261"
"CLUB UNIÓN","2023-01-07","","19.63270833"
"CLUB UNIÓN","2023-01-06","","23.04675"
"CLUB UNIÓN","2023-01-05","","22.58258333"
"CLUB UNIÓN","2023-01-04","","20.61491667"
"CLUB UNIÓN","2023-01-03","","18.49304167"
"CLUB UNIÓN","2023-01-02","","22.44391667"
"CLUB UNIÓN","2023-01-01","","11.4623913"
"CLUB UNIÓN","2022-12-31","","21.42208696"
"CLUB UNIÓN","2022-12-30","","25.98454167"
"CLUB UNIÓN","2022-12-29","","25.456125"
"CLUB UNIÓN","2022-12-28","","17.037"
"CLUB UNIÓN","2022-12-27","","24.7305"
"CLUB UNIÓN","2022-12-26","","26.69818182"
"CLUB UNIÓN","2022-12-25","","17.6095"
"CLUB UNIÓN","2022-12-24","","24.02408333"
"CLUB UNIÓN","2022-12-23","","31.60891667"
"CLUB UNIÓN","2022-12-22","","31.19483333"
"CLUB UNIÓN","2022-12-21","","28.68720833"
"CLUB UNIÓN","2022-12-20","","27.83866667"
"CLUB UNIÓN","2022-12-19","","25.66620833"
"CLUB UNIÓN","2022-12-18","","19.58634783"
"CLUB UNIÓN","2022-12-17","","27.83683333"
"CLUB UNIÓN","2022-12-16","","31.892125"
"CLUB UNIÓN","2022-12-15","","28.14133333"
"CLUB UNIÓN","2022-12-14","","25.56529167"
"CLUB UNIÓN","2022-12-13","","21.58584211"
"CLUB UNIÓN","2022-12-12","","25.615"
"CLUB UNIÓN","2022-12-11","","22.55058333"
"CLUB UNIÓN","2022-12-10","","29.79383333"
"CLUB UNIÓN","2022-12-09","","30.46804167"
"CLUB UNIÓN","2022-12-08","","19.65066667"
"CLUB UNIÓN","2022-12-07","","22.90275"
"CLUB UNIÓN","2022-12-06","","25.22216667"
"CLUB UNIÓN","2022-12-05","","19.48979167"
"CLUB UNIÓN","2022-12-04","","18.23029167"
"CLUB UNIÓN","2022-12-03","","22.84020833"
"CLUB UNIÓN","2022-12-02","","28.11429167"
"CLUB UNIÓN","2022-12-01","","24.01183333"
"CLUB UNIÓN","2022-11-30","","20.07245455"
"CLUB UNIÓN","2022-11-29","","22.58070588"
"CLUB UNIÓN","2022-11-20","","45.28063636"
"CLUB UNIÓN","2022-11-19","","47.9952381"
"CLUB UNIÓN","2022-11-18","","28.42895833"
"CLUB UNIÓN","2022-11-17","","29.00668182"
"CLUB UNIÓN","2022-11-16","","27.13804167"
"CLUB UNIÓN","2022-11-15","","26.25091667"
"CLUB UNIÓN","2022-11-14","","16.70083333"
"CLUB UNIÓN","2022-11-13","","17.62791667"
"CLUB UNIÓN","2022-11-12","","24.60283333"
"CLUB UNIÓN","2022-11-11","","30.52495833"
"CLUB UNIÓN","2022-11-10","","30.88266667"
"CLUB UNIÓN","2022-11-09","","25.956875"
"CLUB UNIÓN","2022-11-08","","26.28808333"
"CLUB UNIÓN","2022-11-07","","16.609125"
"CLUB UNIÓN","2022-11-06","","16.88204167"
"CLUB UNIÓN","2022-11-05","","24.76229167"
"CLUB UNIÓN","2022-11-04","","28.34883333"
"CLUB UNIÓN","2022-11-03","","36.34458333"
"CLUB UNIÓN","2022-11-02","","39.09179167"
"CLUB UNIÓN","2022-11-01","","38.25914286"
"CLUB UNIÓN","2022-10-25","","21.15783333"
"CLUB UNIÓN","2022-10-24","","27.37958333"
"CLUB UNIÓN","2022-10-23","","26.31716667"
"CLUB UNIÓN","2022-10-22","","31.30629167"
"CLUB UNIÓN","2022-10-21","","31.692875"
"CLUB UNIÓN","2022-10-20","","28.448375"
"CLUB UNIÓN","2022-10-19","","30.58895833"
"CLUB UNIÓN","2022-10-18","","28.00735"
"CLUB UNIÓN","2022-10-17","","22.7865"
"CLUB UNIÓN","2022-10-16","","23.16408333"
"CLUB UNIÓN","2022-10-15","","31.324375"
"CLUB UNIÓN","2022-10-14","","31.14666667"
"CLUB UNIÓN","2022-10-13","","38.76981818"
"CLUB UNIÓN","2022-10-11","","38.69411111"
"CLUB UNIÓN","2022-10-10","","33.77779167"
"CLUB UNIÓN","2022-10-09","","33.0143913"
"CLUB UNIÓN","2022-10-08","","33.777625"
"CLUB UNIÓN","2022-10-07","","35.361"
"CLUB UNIÓN","2022-10-06","","35.97466667"
"CLUB UNIÓN","2022-10-05","","36.15729167"
"CLUB UNIÓN","2022-10-04","","35.78929167"
"CLUB UNIÓN","2022-10-03","","40.03229167"
"CLUB UNIÓN","2022-10-02","","33.76095652"
"CLUB UNIÓN","2022-10-01","","39.43379167"
"CLUB UNIÓN","2022-09-30","","42.55170833"
"CLUB UNIÓN","2022-09-29","","36.881125"
"CLUB UNIÓN","2022-09-28","","42.31708333"
"CLUB UNIÓN","2022-09-27","","41.66966667"
"CLUB UNIÓN","2022-09-26","","42.00366667"
"CLUB UNIÓN","2022-09-25","","36.73826087"
"CLUB UNIÓN","2022-09-24","","42.56504167"
"CLUB UNIÓN","2022-09-23","","38.80665"
"CLUB UNIÓN","2022-09-22","","40.16329167"
"CLUB UNIÓN","2022-09-21","","38.77970833"
"CLUB UNIÓN","2022-09-20","","41.794875"
"CLUB UNIÓN","2022-09-19","","34.612875"
"CLUB UNIÓN","2022-09-18","","32.21565217"
"CLUB UNIÓN","2022-09-17","","35.9465"
"CLUB UNIÓN","2022-09-16","","34.79"
"CLUB UNIÓN","2022-09-15","","34.63958333"
"CLUB UNIÓN","2022-09-14","","34.11628571"
"CLUB UNIÓN","2022-04-07","","21.16428571"
"CLUB UNIÓN","2022-04-06","","18.36666667"
"CLUB UNIÓN","2022-04-05","","15.90833333"
"CLUB UNIÓN","2022-04-04","","15.3375"
"CLUB UNIÓN","2022-04-03","","14.29166667"
"CLUB UNIÓN","2022-04-02","","16.31666667"
"CLUB UNIÓN","2022-04-01","","14.4125"
"CLUB UNIÓN","2022-03-31","","17.12608696"
"CLUB UNIÓN","2022-03-30","","16.875"
"CLUB UNIÓN","2022-03-29","","17.17083333"
"CLUB UNIÓN","2022-03-28","","19.23333333"
"CLUB UNIÓN","2022-03-27","","14.94583333"
"CLUB UNIÓN","2022-03-26","","17.17083333"
"CLUB UNIÓN","2022-03-25","","18.77916667"
"CLUB UNIÓN","2022-03-24","","18.34736842"
"CLUB UNIÓN","2022-03-23","","19.89166667"
"CLUB UNIÓN","2022-03-22","","18.56666667"
"CLUB UNIÓN","2022-03-21","","14.22083333"
"CLUB UNIÓN","2022-03-20","","16.26666667"
"CLUB UNIÓN","2022-03-19","","19.29583333"
"CLUB UNIÓN","2022-03-18","","22.825"
"CLUB UNIÓN","2022-03-17","","20.19166667"
"CLUB UNIÓN","2022-03-16","","18.5875"
"CLUB UNIÓN","2022-03-15","","17.40833333"
"CLUB UNIÓN","2022-03-14","","20.0"
"CLUB UNIÓN","2022-03-13","","13.65416667"
"CLUB UNIÓN","2022-03-12","","20.1125"
"CLUB UNIÓN","2022-03-11","","20.05416667"
"CLUB UNIÓN","2022-03-10","","20.91363636"
"CLUB UNIÓN","2022-03-09","","18.4125"
"CLUB UNIÓN","2022-03-08","","17.0875"
"CLUB UNIÓN","2022-03-07","","15.63333333"
"CLUB UNIÓN","2022-03-06","","13.91666667"
"CLUB UNIÓN","2022-03-05","","16.025"
"CLUB UNIÓN","2022-03-04","","18.38333333"
"CLUB UNIÓN","2022-03-03","","15.86666667"
"CLUB UNIÓN","2022-03-02","","15.76666667"
"CLUB UNIÓN","2022-03-01","","17.0"
"CLUB UNIÓN","2022-02-28","","17.4173913"
"CLUB UNIÓN","2022-02-27","","17.15"
"CLUB UNIÓN","2022-02-26","","18.95416667"
"CLUB UNIÓN","2022-02-25","","18.90833333"
"CLUB UNIÓN","2022-02-24","","18.62083333"
"CLUB UNIÓN","2022-02-23","","18.53333333"
"CLUB UNIÓN","2022-02-22","","19.725"
"CLUB UNIÓN","2022-02-21","","17.2375"
"CLUB UNIÓN","2022-02-20","","13.22083333"
"CLUB UNIÓN","2022-02-19","","16.55"
"CLUB UNIÓN","2022-02-18","","18.25833333"
"CLUB UNIÓN","2022-02-17","","19.04583333"
"CLUB UNIÓN","2022-02-16","","17.72916667"
"CLUB UNIÓN","2022-02-15","","18.17916667"
"CLUB UNIÓN","2022-02-14","","18.03333333"
"CLUB UNIÓN","2022-02-13","","13.95416667"
"CLUB UNIÓN","2022-02-12","","19.37083333"
"CLUB UNIÓN","2022-02-11","","18.9"
"CLUB UNIÓN","2022-02-10","","16.19166667"
"CLUB UNIÓN","2022-02-09","","17.525"
"CLUB UNIÓN","2022-02-08","","16.9875"
"CLUB UNIÓN","2022-02-07","","16.00416667"
"CLUB UNIÓN","2022-02-06","","13.32083333"
"CLUB UNIÓN","2022-02-05","","16.8375"
"CLUB UNIÓN","2022-02-04","","18.7625"
"CLUB UNIÓN","2022-02-03","","18.24583333"
"CLUB UNIÓN","2022-02-02","","18.70416667"
"CLUB UNIÓN","2022-02-01","","16.1125"
"CLUB UNIÓN","2022-01-31","","15.0875"
"CLUB UNIÓN","2022-01-30","","12.20833333"
"CLUB UNIÓN","2022-01-29","","13.39166667"
"CLUB UNIÓN","2022-01-28","","16.52083333"
"CLUB UNIÓN","2022-01-27","","15.175"
"CLUB UNIÓN","2022-01-26","","13.025"
"CLUB UNIÓN","2022-01-25","","14.1375"
"CLUB UNIÓN","2022-01-24","","13.54583333"
"CLUB UNIÓN","2022-01-23","","11.875"
"CLUB UNIÓN","2022-01-22","","10.95"
"CLUB UNIÓN","2022-01-21","","12.09166667"
"CLUB UNIÓN","2022-01-20","","12.52083333"
"CLUB UNIÓN","2022-01-19","","11.33333333"
"CLUB UNIÓN","2022-01-18","","10.25833333"
"CLUB UNIÓN","2022-01-17","","10.4125"
"CLUB UNIÓN","2022-01-16","","9.27083333"
"CLUB UNIÓN","2022-01-15","","10.9"
"CLUB UNIÓN","2022-01-14","","11.4625"
"CLUB UNIÓN","2022-01-13","","14.72916667"
"CLUB UNIÓN","2022-01-12","","14.0"
"CLUB UNIÓN","2022-01-11","","12.7875"
"CLUB UNIÓN","2022-01-10","","11.51666667"
"CLUB UNIÓN","2022-01-09","","13.0875"
"CLUB UNIÓN","2022-01-08","","16.74583333"
"CLUB UNIÓN","2022-01-07","","18.25833333"
"CLUB UNIÓN","2022-01-06","","15.9875"
"CLUB UNIÓN","2022-01-05","","16.39166667"
"CLUB UNIÓN","2022-01-04","","14.54583333"
"CLUB UNIÓN","2022-01-03","","13.64166667"
"CLUB UNIÓN","2022-01-02","","9.56666667"
"CLUB UNIÓN","2022-01-01","","10.00416667"
"CLUB UNIÓN","2021-12-31","","12.5875"
"CLUB UNIÓN","2021-12-30","","14.62916667"
"CLUB UNIÓN","2021-12-29","","13.6"
"CLUB UNIÓN","2021-12-28","","13.45"
"CLUB UNIÓN","2021-12-27","","13.96666667"
"CLUB UNIÓN","2021-12-26","","10.19166667"
"CLUB UNIÓN","2021-12-25","","10.04583333"
"CLUB UNIÓN","2021-12-24","","12.32916667"
"CLUB UNIÓN","2021-12-23","","12.97916667"
"CLUB UNIÓN","2021-12-22","","10.96666667"
"CLUB UNIÓN","2021-12-21","","9.2125"
"CLUB UNIÓN","2021-12-20","","10.07083333"
"CLUB UNIÓN","2021-12-19","","11.12083333"
"CLUB UNIÓN","2021-12-18","","12.8875"
"CLUB UNIÓN","2021-12-17","","15.4"
"CLUB UNIÓN","2021-12-16","","16.13333333"
"CLUB UNIÓN","2021-12-15","","17.10833333"
"CLUB UNIÓN","2021-12-14","","17.52916667"
"CLUB UNIÓN","2021-12-13","","14.3125"
"CLUB UNIÓN","2021-12-12","","11.13333333"
"CLUB UNIÓN","2021-12-11","","12.99583333"
"CLUB UNIÓN","2021-12-10","","14.1875"
"CLUB UNIÓN","2021-12-09","","16.0"
"CLUB UNIÓN","2021-12-08","","13.95"
"CLUB UNIÓN","2021-12-07","","16.39166667"
"CLUB UNIÓN","2021-12-06","","14.8"
"CLUB UNIÓN","2021-12-05","","13.09583333"
"CLUB UNIÓN","2021-12-04","","16.14166667"
"CLUB UNIÓN","2021-12-03","","17.175"
"CLUB UNIÓN","2021-12-02","","16.25416667"
"CLUB UNIÓN","2021-12-01","","13.14583333"
