"Estacion","Fecha inicial","Fecha final","CO"
"CENTRO CULTURAL DANIEL MANTILLA ORBEGOZO - PIEDECUESTA","2023-09-17","","523.2943913"
"CENTRO CULTURAL DANIEL MANTILLA ORBEGOZO - PIEDECUESTA","2023-09-16","","624.06141667"
"CENTRO CULTURAL DANIEL MANTILLA ORBEGOZO - PIEDECUESTA","2023-09-15","","629.452375"
"CENTRO CULTURAL DANIEL MANTILLA ORBEGOZO - PIEDECUESTA","2023-09-14","","714.18871429"
"CENTRO CULTURAL DANIEL MANTILLA ORBEGOZO - PIEDECUESTA","2023-09-13","","1694.60179167"
"CENTRO CULTURAL DANIEL MANTILLA ORBEGOZO - PIEDECUESTA","2023-09-12","","1566.79191667"
"CENTRO CULTURAL DANIEL MANTILLA ORBEGOZO - PIEDECUESTA","2023-09-11","","1616.56281818"
"CENTRO CULTURAL DANIEL MANTILLA ORBEGOZO - PIEDECUESTA","2023-09-10","","1456.47334783"
"CENTRO CULTURAL DANIEL MANTILLA ORBEGOZO - PIEDECUESTA","2023-09-09","","1611.83333333"
"CENTRO CULTURAL DANIEL MANTILLA ORBEGOZO - PIEDECUESTA","2023-09-08","","1585.85470833"
"CENTRO CULTURAL DANIEL MANTILLA ORBEGOZO - PIEDECUESTA","2023-09-07","","1491.183875"
"CENTRO CULTURAL DANIEL MANTILLA ORBEGOZO - PIEDECUESTA","2023-09-06","","1578.71895833"
"CENTRO CULTURAL DANIEL MANTILLA ORBEGOZO - PIEDECUESTA","2023-09-05","","1512.275125"
"CENTRO CULTURAL DANIEL MANTILLA ORBEGOZO - PIEDECUESTA","2023-09-04","","1591.454875"
"CENTRO CULTURAL DANIEL MANTILLA ORBEGOZO - PIEDECUESTA","2023-09-03","","1308.92478261"
"CENTRO CULTURAL DANIEL MANTILLA ORBEGOZO - PIEDECUESTA","2023-09-02","","1437.978125"
"CENTRO CULTURAL DANIEL MANTILLA ORBEGOZO - PIEDECUESTA","2023-09-01","","1506.66429167"
"CENTRO CULTURAL DANIEL MANTILLA ORBEGOZO - PIEDECUESTA","2023-08-31","","1332.5075"
"CENTRO CULTURAL DANIEL MANTILLA ORBEGOZO - PIEDECUESTA","2023-08-30","","1318.84733333"
"CENTRO CULTURAL DANIEL MANTILLA ORBEGOZO - PIEDECUESTA","2023-08-29","","1458.26079167"
"CENTRO CULTURAL DANIEL MANTILLA ORBEGOZO - PIEDECUESTA","2023-08-28","","1401.908875"
"CENTRO CULTURAL DANIEL MANTILLA ORBEGOZO - PIEDECUESTA","2023-08-27","","1180.66243478"
"CENTRO CULTURAL DANIEL MANTILLA ORBEGOZO - PIEDECUESTA","2023-08-26","","1263.683375"
"CENTRO CULTURAL DANIEL MANTILLA ORBEGOZO - PIEDECUESTA","2023-08-25","","1368.3675"
"CENTRO CULTURAL DANIEL MANTILLA ORBEGOZO - PIEDECUESTA","2023-08-24","","1323.03866667"
"CENTRO CULTURAL DANIEL MANTILLA ORBEGOZO - PIEDECUESTA","2023-08-23","","1322.37620833"
"CENTRO CULTURAL DANIEL MANTILLA ORBEGOZO - PIEDECUESTA","2023-08-22","","1283.66233333"
"CENTRO CULTURAL DANIEL MANTILLA ORBEGOZO - PIEDECUESTA","2023-08-21","","1029.08029167"
"CENTRO CULTURAL DANIEL MANTILLA ORBEGOZO - PIEDECUESTA","2023-08-20","","1186.89843478"
"CENTRO CULTURAL DANIEL MANTILLA ORBEGOZO - PIEDECUESTA","2023-08-19","","1276.90041667"
"CENTRO CULTURAL DANIEL MANTILLA ORBEGOZO - PIEDECUESTA","2023-08-18","","1249.73041667"
"CENTRO CULTURAL DANIEL MANTILLA ORBEGOZO - PIEDECUESTA","2023-08-17","","1286.44026087"
"CENTRO CULTURAL DANIEL MANTILLA ORBEGOZO - PIEDECUESTA","2023-08-16","","1345.87316667"
"CENTRO CULTURAL DANIEL MANTILLA ORBEGOZO - PIEDECUESTA","2023-08-15","","1282.76795833"
"CENTRO CULTURAL DANIEL MANTILLA ORBEGOZO - PIEDECUESTA","2023-08-14","","1295.91683333"
"CENTRO CULTURAL DANIEL MANTILLA ORBEGOZO - PIEDECUESTA","2023-08-13","","1171.73421739"
"CENTRO CULTURAL DANIEL MANTILLA ORBEGOZO - PIEDECUESTA","2023-08-12","","1331.34341667"
"CENTRO CULTURAL DANIEL MANTILLA ORBEGOZO - PIEDECUESTA","2023-08-11","","1263.81820833"
"CENTRO CULTURAL DANIEL MANTILLA ORBEGOZO - PIEDECUESTA","2023-08-10","","1226.70370833"
"CENTRO CULTURAL DANIEL MANTILLA ORBEGOZO - PIEDECUESTA","2023-08-09","","1248.46725"
"CENTRO CULTURAL DANIEL MANTILLA ORBEGOZO - PIEDECUESTA","2023-08-08","","1329.071875"
"CENTRO CULTURAL DANIEL MANTILLA ORBEGOZO - PIEDECUESTA","2023-08-07","","1033.89679167"
"CENTRO CULTURAL DANIEL MANTILLA ORBEGOZO - PIEDECUESTA","2023-08-06","","1064.69369565"
"CENTRO CULTURAL DANIEL MANTILLA ORBEGOZO - PIEDECUESTA","2023-08-05","","1173.47979167"
"CENTRO CULTURAL DANIEL MANTILLA ORBEGOZO - PIEDECUESTA","2023-08-04","","1488.65920833"
"CENTRO CULTURAL DANIEL MANTILLA ORBEGOZO - PIEDECUESTA","2023-08-03","","1190.08421739"
"CENTRO CULTURAL DANIEL MANTILLA ORBEGOZO - PIEDECUESTA","2023-08-02","","1184.1365"
"CENTRO CULTURAL DANIEL MANTILLA ORBEGOZO - PIEDECUESTA","2023-08-01","","1346.61079167"
"CENTRO CULTURAL DANIEL MANTILLA ORBEGOZO - PIEDECUESTA","2023-07-31","","1402.257375"
"CENTRO CULTURAL DANIEL MANTILLA ORBEGOZO - PIEDECUESTA","2023-07-30","","1079.27708696"
"CENTRO CULTURAL DANIEL MANTILLA ORBEGOZO - PIEDECUESTA","2023-07-29","","1254.64375"
"CENTRO CULTURAL DANIEL MANTILLA ORBEGOZO - PIEDECUESTA","2023-07-28","","1435.54679167"
"CENTRO CULTURAL DANIEL MANTILLA ORBEGOZO - PIEDECUESTA","2023-07-27","","1250.58475"
"CENTRO CULTURAL DANIEL MANTILLA ORBEGOZO - PIEDECUESTA","2023-07-26","","1153.034"
"CENTRO CULTURAL DANIEL MANTILLA ORBEGOZO - PIEDECUESTA","2023-07-25","","1063.26895833"
"CENTRO CULTURAL DANIEL MANTILLA ORBEGOZO - PIEDECUESTA","2023-07-24","","1171.37254167"
"CENTRO CULTURAL DANIEL MANTILLA ORBEGOZO - PIEDECUESTA","2023-07-23","","991.74286957"
"CENTRO CULTURAL DANIEL MANTILLA ORBEGOZO - PIEDECUESTA","2023-07-22","","1097.62658333"
"CENTRO CULTURAL DANIEL MANTILLA ORBEGOZO - PIEDECUESTA","2023-07-21","","1283.85908333"
"CENTRO CULTURAL DANIEL MANTILLA ORBEGOZO - PIEDECUESTA","2023-07-20","","927.91208333"
"CENTRO CULTURAL DANIEL MANTILLA ORBEGOZO - PIEDECUESTA","2023-07-19","","1075.45954167"
"CENTRO CULTURAL DANIEL MANTILLA ORBEGOZO - PIEDECUESTA","2023-07-18","","1165.92033333"
"CENTRO CULTURAL DANIEL MANTILLA ORBEGOZO - PIEDECUESTA","2023-07-17","","1089.907375"
"CENTRO CULTURAL DANIEL MANTILLA ORBEGOZO - PIEDECUESTA","2023-07-16","","975.32882609"
"CENTRO CULTURAL DANIEL MANTILLA ORBEGOZO - PIEDECUESTA","2023-07-15","","969.329"
"CENTRO CULTURAL DANIEL MANTILLA ORBEGOZO - PIEDECUESTA","2023-07-14","","1246.08913043"
"CENTRO CULTURAL DANIEL MANTILLA ORBEGOZO - PIEDECUESTA","2023-07-13","","1027.720375"
"CENTRO CULTURAL DANIEL MANTILLA ORBEGOZO - PIEDECUESTA","2023-07-12","","1027.02075"
"CENTRO CULTURAL DANIEL MANTILLA ORBEGOZO - PIEDECUESTA","2023-07-11","","1117.33366667"
"CENTRO CULTURAL DANIEL MANTILLA ORBEGOZO - PIEDECUESTA","2023-07-10","","1114.35954167"
"CENTRO CULTURAL DANIEL MANTILLA ORBEGOZO - PIEDECUESTA","2023-07-09","","834.59934783"
"CENTRO CULTURAL DANIEL MANTILLA ORBEGOZO - PIEDECUESTA","2023-07-08","","1119.11504167"
"CENTRO CULTURAL DANIEL MANTILLA ORBEGOZO - PIEDECUESTA","2023-07-07","","994.17234783"
"CENTRO CULTURAL DANIEL MANTILLA ORBEGOZO - PIEDECUESTA","2023-07-06","","1102.69540909"
"CENTRO CULTURAL DANIEL MANTILLA ORBEGOZO - PIEDECUESTA","2023-07-05","","1098.00729167"
"CENTRO CULTURAL DANIEL MANTILLA ORBEGOZO - PIEDECUESTA","2023-07-04","","971.59541667"
"CENTRO CULTURAL DANIEL MANTILLA ORBEGOZO - PIEDECUESTA","2023-07-03","","795.65175"
"CENTRO CULTURAL DANIEL MANTILLA ORBEGOZO - PIEDECUESTA","2023-07-02","","785.59386364"
"CENTRO CULTURAL DANIEL MANTILLA ORBEGOZO - PIEDECUESTA","2023-07-01","","977.06275"
"CENTRO CULTURAL DANIEL MANTILLA ORBEGOZO - PIEDECUESTA","2023-06-30","","957.72591667"
"CENTRO CULTURAL DANIEL MANTILLA ORBEGOZO - PIEDECUESTA","2023-06-29","","777.96033333"
"CENTRO CULTURAL DANIEL MANTILLA ORBEGOZO - PIEDECUESTA","2023-06-28","","880.19816667"
"CENTRO CULTURAL DANIEL MANTILLA ORBEGOZO - PIEDECUESTA","2023-06-27","","634.561375"
"CENTRO CULTURAL DANIEL MANTILLA ORBEGOZO - PIEDECUESTA","2023-06-26","","856.30625"
"CENTRO CULTURAL DANIEL MANTILLA ORBEGOZO - PIEDECUESTA","2023-06-25","","734.80352174"
"CENTRO CULTURAL DANIEL MANTILLA ORBEGOZO - PIEDECUESTA","2023-06-24","","734.82433333"
"CENTRO CULTURAL DANIEL MANTILLA ORBEGOZO - PIEDECUESTA","2023-06-23","","976.06555"
"CENTRO CULTURAL DANIEL MANTILLA ORBEGOZO - PIEDECUESTA","2023-06-22","","802.44252941"
"CENTRO CULTURAL DANIEL MANTILLA ORBEGOZO - PIEDECUESTA","2023-06-21","","816.91416667"
"CENTRO CULTURAL DANIEL MANTILLA ORBEGOZO - PIEDECUESTA","2023-06-20","","864.684125"
"CENTRO CULTURAL DANIEL MANTILLA ORBEGOZO - PIEDECUESTA","2023-06-19","","626.01141667"
"CENTRO CULTURAL DANIEL MANTILLA ORBEGOZO - PIEDECUESTA","2023-06-18","","790.39313043"
"CENTRO CULTURAL DANIEL MANTILLA ORBEGOZO - PIEDECUESTA","2023-06-17","","961.090875"
"CENTRO CULTURAL DANIEL MANTILLA ORBEGOZO - PIEDECUESTA","2023-06-16","","808.54858333"
"CENTRO CULTURAL DANIEL MANTILLA ORBEGOZO - PIEDECUESTA","2023-06-15","","811.21379167"
"CENTRO CULTURAL DANIEL MANTILLA ORBEGOZO - PIEDECUESTA","2023-06-14","","835.93583333"
"CENTRO CULTURAL DANIEL MANTILLA ORBEGOZO - PIEDECUESTA","2023-06-13","","749.18008333"
"CENTRO CULTURAL DANIEL MANTILLA ORBEGOZO - PIEDECUESTA","2023-06-12","","630.2215"
"CENTRO CULTURAL DANIEL MANTILLA ORBEGOZO - PIEDECUESTA","2023-06-11","","683.30065217"
"CENTRO CULTURAL DANIEL MANTILLA ORBEGOZO - PIEDECUESTA","2023-06-10","","726.26008333"
"CENTRO CULTURAL DANIEL MANTILLA ORBEGOZO - PIEDECUESTA","2023-06-09","","718.46683333"
"CENTRO CULTURAL DANIEL MANTILLA ORBEGOZO - PIEDECUESTA","2023-06-08","","1005.69841667"
"CENTRO CULTURAL DANIEL MANTILLA ORBEGOZO - PIEDECUESTA","2023-06-07","","849.01104167"
"CENTRO CULTURAL DANIEL MANTILLA ORBEGOZO - PIEDECUESTA","2023-06-06","","908.38058333"
"CENTRO CULTURAL DANIEL MANTILLA ORBEGOZO - PIEDECUESTA","2023-06-05","","831.82845833"
"CENTRO CULTURAL DANIEL MANTILLA ORBEGOZO - PIEDECUESTA","2023-06-04","","647.33373913"
"CENTRO CULTURAL DANIEL MANTILLA ORBEGOZO - PIEDECUESTA","2023-06-03","","656.248625"
"CENTRO CULTURAL DANIEL MANTILLA ORBEGOZO - PIEDECUESTA","2023-06-02","","773.13545833"
"CENTRO CULTURAL DANIEL MANTILLA ORBEGOZO - PIEDECUESTA","2023-06-01","","816.68466667"
"CENTRO CULTURAL DANIEL MANTILLA ORBEGOZO - PIEDECUESTA","2023-05-31","","648.101375"
"CENTRO CULTURAL DANIEL MANTILLA ORBEGOZO - PIEDECUESTA","2023-05-30","","578.22641667"
"CENTRO CULTURAL DANIEL MANTILLA ORBEGOZO - PIEDECUESTA","2023-05-29","","832.494125"
"CENTRO CULTURAL DANIEL MANTILLA ORBEGOZO - PIEDECUESTA","2023-05-28","","587.21665217"
"CENTRO CULTURAL DANIEL MANTILLA ORBEGOZO - PIEDECUESTA","2023-05-27","","690.92995833"
"CENTRO CULTURAL DANIEL MANTILLA ORBEGOZO - PIEDECUESTA","2023-05-26","","536.71991667"
"CENTRO CULTURAL DANIEL MANTILLA ORBEGOZO - PIEDECUESTA","2023-05-25","","786.78530435"
"CENTRO CULTURAL DANIEL MANTILLA ORBEGOZO - PIEDECUESTA","2023-05-24","","653.47679167"
"CENTRO CULTURAL DANIEL MANTILLA ORBEGOZO - PIEDECUESTA","2023-05-23","","853.84108333"
"CENTRO CULTURAL DANIEL MANTILLA ORBEGOZO - PIEDECUESTA","2023-05-22","","533.30441667"
"CENTRO CULTURAL DANIEL MANTILLA ORBEGOZO - PIEDECUESTA","2023-05-21","","529.38513043"
"CENTRO CULTURAL DANIEL MANTILLA ORBEGOZO - PIEDECUESTA","2023-05-20","","743.426"
"CENTRO CULTURAL DANIEL MANTILLA ORBEGOZO - PIEDECUESTA","2023-05-19","","569.36595833"
"CENTRO CULTURAL DANIEL MANTILLA ORBEGOZO - PIEDECUESTA","2023-05-18","","638.36645833"
"CENTRO CULTURAL DANIEL MANTILLA ORBEGOZO - PIEDECUESTA","2023-05-17","","739.24629167"
"CENTRO CULTURAL DANIEL MANTILLA ORBEGOZO - PIEDECUESTA","2023-05-16","","802.17966667"
"CENTRO CULTURAL DANIEL MANTILLA ORBEGOZO - PIEDECUESTA","2023-05-15","","761.15145833"
"CENTRO CULTURAL DANIEL MANTILLA ORBEGOZO - PIEDECUESTA","2023-05-14","","599.18347826"
"CENTRO CULTURAL DANIEL MANTILLA ORBEGOZO - PIEDECUESTA","2023-05-13","","615.22558333"
"CENTRO CULTURAL DANIEL MANTILLA ORBEGOZO - PIEDECUESTA","2023-05-12","","782.00758333"
"CENTRO CULTURAL DANIEL MANTILLA ORBEGOZO - PIEDECUESTA","2023-05-11","","722.82766667"
"CENTRO CULTURAL DANIEL MANTILLA ORBEGOZO - PIEDECUESTA","2023-05-10","","701.53370833"
"CENTRO CULTURAL DANIEL MANTILLA ORBEGOZO - PIEDECUESTA","2023-05-09","","737.72895833"
"CENTRO CULTURAL DANIEL MANTILLA ORBEGOZO - PIEDECUESTA","2023-05-08","","687.26354167"
"CENTRO CULTURAL DANIEL MANTILLA ORBEGOZO - PIEDECUESTA","2023-05-07","","580.30008696"
"CENTRO CULTURAL DANIEL MANTILLA ORBEGOZO - PIEDECUESTA","2023-05-06","","516.68408333"
"CENTRO CULTURAL DANIEL MANTILLA ORBEGOZO - PIEDECUESTA","2023-05-05","","588.52120833"
"CENTRO CULTURAL DANIEL MANTILLA ORBEGOZO - PIEDECUESTA","2023-05-04","","732.28845833"
"CENTRO CULTURAL DANIEL MANTILLA ORBEGOZO - PIEDECUESTA","2023-05-03","","607.71308333"
"CENTRO CULTURAL DANIEL MANTILLA ORBEGOZO - PIEDECUESTA","2023-05-02","","749.30175"
"CENTRO CULTURAL DANIEL MANTILLA ORBEGOZO - PIEDECUESTA","2023-05-01","","367.45866667"
"CENTRO CULTURAL DANIEL MANTILLA ORBEGOZO - PIEDECUESTA","2023-04-30","","460.11534783"
"CENTRO CULTURAL DANIEL MANTILLA ORBEGOZO - PIEDECUESTA","2023-04-29","","488.74491667"
"CENTRO CULTURAL DANIEL MANTILLA ORBEGOZO - PIEDECUESTA","2023-04-28","","636.47234783"
"CENTRO CULTURAL DANIEL MANTILLA ORBEGOZO - PIEDECUESTA","2023-04-27","","590.60491667"
"CENTRO CULTURAL DANIEL MANTILLA ORBEGOZO - PIEDECUESTA","2023-04-26","","675.114125"
"CENTRO CULTURAL DANIEL MANTILLA ORBEGOZO - PIEDECUESTA","2023-04-25","","479.44991667"
"CENTRO CULTURAL DANIEL MANTILLA ORBEGOZO - PIEDECUESTA","2023-04-24","","490.19295833"
"CENTRO CULTURAL DANIEL MANTILLA ORBEGOZO - PIEDECUESTA","2023-04-23","","369.21752174"
"CENTRO CULTURAL DANIEL MANTILLA ORBEGOZO - PIEDECUESTA","2023-04-22","","641.045375"
"CENTRO CULTURAL DANIEL MANTILLA ORBEGOZO - PIEDECUESTA","2023-04-21","","621.523375"
"CENTRO CULTURAL DANIEL MANTILLA ORBEGOZO - PIEDECUESTA","2023-04-20","","667.99116667"
"CENTRO CULTURAL DANIEL MANTILLA ORBEGOZO - PIEDECUESTA","2023-04-19","","455.01179167"
"CENTRO CULTURAL DANIEL MANTILLA ORBEGOZO - PIEDECUESTA","2023-04-18","","462.203375"
"CENTRO CULTURAL DANIEL MANTILLA ORBEGOZO - PIEDECUESTA","2023-04-17","","1155.61605556"
"CENTRO CULTURAL DANIEL MANTILLA ORBEGOZO - PIEDECUESTA","2023-04-16","","1415.86052174"
"CENTRO CULTURAL DANIEL MANTILLA ORBEGOZO - PIEDECUESTA","2023-04-15","","1606.24091667"
"CENTRO CULTURAL DANIEL MANTILLA ORBEGOZO - PIEDECUESTA","2023-04-14","","1767.255875"
"CENTRO CULTURAL DANIEL MANTILLA ORBEGOZO - PIEDECUESTA","2023-04-13","","1922.52175"
"CENTRO CULTURAL DANIEL MANTILLA ORBEGOZO - PIEDECUESTA","2023-04-12","","1679.873625"
"CENTRO CULTURAL DANIEL MANTILLA ORBEGOZO - PIEDECUESTA","2023-04-11","","1502.171375"
"CENTRO CULTURAL DANIEL MANTILLA ORBEGOZO - PIEDECUESTA","2023-04-10","","1634.44905263"
"CENTRO CULTURAL DANIEL MANTILLA ORBEGOZO - PIEDECUESTA","2023-04-09","","1374.012375"
"CENTRO CULTURAL DANIEL MANTILLA ORBEGOZO - PIEDECUESTA","2023-04-08","","1377.24683333"
"CENTRO CULTURAL DANIEL MANTILLA ORBEGOZO - PIEDECUESTA","2023-04-07","","1177.48233333"
"CENTRO CULTURAL DANIEL MANTILLA ORBEGOZO - PIEDECUESTA","2023-04-06","","1466.41233333"
"CENTRO CULTURAL DANIEL MANTILLA ORBEGOZO - PIEDECUESTA","2023-04-05","","1677.14533333"
"CENTRO CULTURAL DANIEL MANTILLA ORBEGOZO - PIEDECUESTA","2023-04-04","","1559.45679167"
"CENTRO CULTURAL DANIEL MANTILLA ORBEGOZO - PIEDECUESTA","2023-04-03","","1508.70283333"
"CENTRO CULTURAL DANIEL MANTILLA ORBEGOZO - PIEDECUESTA","2023-04-02","","1444.60170833"
"CENTRO CULTURAL DANIEL MANTILLA ORBEGOZO - PIEDECUESTA","2023-04-01","","1637.70970833"
"CENTRO CULTURAL DANIEL MANTILLA ORBEGOZO - PIEDECUESTA","2023-03-31","","1785.79945833"
"CENTRO CULTURAL DANIEL MANTILLA ORBEGOZO - PIEDECUESTA","2023-03-30","","1653.85270833"
"CENTRO CULTURAL DANIEL MANTILLA ORBEGOZO - PIEDECUESTA","2023-03-29","","1788.945"
"CENTRO CULTURAL DANIEL MANTILLA ORBEGOZO - PIEDECUESTA","2023-03-28","","1366.148625"
"CENTRO CULTURAL DANIEL MANTILLA ORBEGOZO - PIEDECUESTA","2023-03-27","","1479.62904167"
"CENTRO CULTURAL DANIEL MANTILLA ORBEGOZO - PIEDECUESTA","2023-03-26","","1383.84745833"
"CENTRO CULTURAL DANIEL MANTILLA ORBEGOZO - PIEDECUESTA","2023-03-25","","1403.866"
"CENTRO CULTURAL DANIEL MANTILLA ORBEGOZO - PIEDECUESTA","2023-03-24","","1445.97004167"
"CENTRO CULTURAL DANIEL MANTILLA ORBEGOZO - PIEDECUESTA","2023-03-23","","1455.61183333"
"CENTRO CULTURAL DANIEL MANTILLA ORBEGOZO - PIEDECUESTA","2023-03-22","","1404.87370833"
"CENTRO CULTURAL DANIEL MANTILLA ORBEGOZO - PIEDECUESTA","2023-03-21","","1471.78170833"
"CENTRO CULTURAL DANIEL MANTILLA ORBEGOZO - PIEDECUESTA","2023-03-20","","1044.191125"
"CENTRO CULTURAL DANIEL MANTILLA ORBEGOZO - PIEDECUESTA","2023-03-19","","1070.48154167"
"CENTRO CULTURAL DANIEL MANTILLA ORBEGOZO - PIEDECUESTA","2023-03-18","","1222.18270833"
"CENTRO CULTURAL DANIEL MANTILLA ORBEGOZO - PIEDECUESTA","2023-03-17","","1270.57808333"
"CENTRO CULTURAL DANIEL MANTILLA ORBEGOZO - PIEDECUESTA","2023-03-16","","1331.08480952"
"CENTRO CULTURAL DANIEL MANTILLA ORBEGOZO - PIEDECUESTA","2023-03-15","","1355.65620833"
"CENTRO CULTURAL DANIEL MANTILLA ORBEGOZO - PIEDECUESTA","2023-03-14","","1447.83445833"
"CENTRO CULTURAL DANIEL MANTILLA ORBEGOZO - PIEDECUESTA","2023-03-13","","1539.792625"
"CENTRO CULTURAL DANIEL MANTILLA ORBEGOZO - PIEDECUESTA","2023-03-12","","1322.036125"
"CENTRO CULTURAL DANIEL MANTILLA ORBEGOZO - PIEDECUESTA","2023-03-11","","1336.394"
"CENTRO CULTURAL DANIEL MANTILLA ORBEGOZO - PIEDECUESTA","2023-03-10","","1487.99666667"
"CENTRO CULTURAL DANIEL MANTILLA ORBEGOZO - PIEDECUESTA","2023-03-09","","1434.19995833"
"CENTRO CULTURAL DANIEL MANTILLA ORBEGOZO - PIEDECUESTA","2023-03-08","","1541.48175"
"CENTRO CULTURAL DANIEL MANTILLA ORBEGOZO - PIEDECUESTA","2023-03-07","","1448.02920833"
"CENTRO CULTURAL DANIEL MANTILLA ORBEGOZO - PIEDECUESTA","2023-03-06","","1461.68766667"
"CENTRO CULTURAL DANIEL MANTILLA ORBEGOZO - PIEDECUESTA","2023-03-05","","1193.60765217"
"CENTRO CULTURAL DANIEL MANTILLA ORBEGOZO - PIEDECUESTA","2023-03-04","","1503.86270833"
"CENTRO CULTURAL DANIEL MANTILLA ORBEGOZO - PIEDECUESTA","2023-03-03","","1437.00220833"
"CENTRO CULTURAL DANIEL MANTILLA ORBEGOZO - PIEDECUESTA","2023-03-02","","1371.97520833"
"CENTRO CULTURAL DANIEL MANTILLA ORBEGOZO - PIEDECUESTA","2023-03-01","","1349.31629167"
"CENTRO CULTURAL DANIEL MANTILLA ORBEGOZO - PIEDECUESTA","2023-02-28","","1242.39666667"
"CENTRO CULTURAL DANIEL MANTILLA ORBEGOZO - PIEDECUESTA","2023-02-27","","936.30470833"
"CENTRO CULTURAL DANIEL MANTILLA ORBEGOZO - PIEDECUESTA","2023-02-26","","1189.60530435"
"CENTRO CULTURAL DANIEL MANTILLA ORBEGOZO - PIEDECUESTA","2023-02-25","","1268.613"
"CENTRO CULTURAL DANIEL MANTILLA ORBEGOZO - PIEDECUESTA","2023-02-24","","1528.24520833"
"CENTRO CULTURAL DANIEL MANTILLA ORBEGOZO - PIEDECUESTA","2023-02-23","","1210.72479167"
"CENTRO CULTURAL DANIEL MANTILLA ORBEGOZO - PIEDECUESTA","2023-02-22","","1331.39370833"
"CENTRO CULTURAL DANIEL MANTILLA ORBEGOZO - PIEDECUESTA","2023-02-21","","1011.24625"
"CENTRO CULTURAL DANIEL MANTILLA ORBEGOZO - PIEDECUESTA","2023-02-20","","1045.02945833"
"CENTRO CULTURAL DANIEL MANTILLA ORBEGOZO - PIEDECUESTA","2023-02-19","","931.98708696"
"CENTRO CULTURAL DANIEL MANTILLA ORBEGOZO - PIEDECUESTA","2023-02-18","","953.93779167"
"CENTRO CULTURAL DANIEL MANTILLA ORBEGOZO - PIEDECUESTA","2023-02-17","","1324.71275"
"CENTRO CULTURAL DANIEL MANTILLA ORBEGOZO - PIEDECUESTA","2023-02-16","","1324.548"
"CENTRO CULTURAL DANIEL MANTILLA ORBEGOZO - PIEDECUESTA","2023-02-15","","1155.97845833"
"CENTRO CULTURAL DANIEL MANTILLA ORBEGOZO - PIEDECUESTA","2023-02-14","","1144.79904545"
"CENTRO CULTURAL DANIEL MANTILLA ORBEGOZO - PIEDECUESTA","2023-02-13","","1175.43991667"
"CENTRO CULTURAL DANIEL MANTILLA ORBEGOZO - PIEDECUESTA","2023-02-12","","926.39179167"
"CENTRO CULTURAL DANIEL MANTILLA ORBEGOZO - PIEDECUESTA","2023-02-11","","1001.77495833"
"CENTRO CULTURAL DANIEL MANTILLA ORBEGOZO - PIEDECUESTA","2023-02-10","","1079.81754167"
"CENTRO CULTURAL DANIEL MANTILLA ORBEGOZO - PIEDECUESTA","2023-02-09","","994.16075"
"CENTRO CULTURAL DANIEL MANTILLA ORBEGOZO - PIEDECUESTA","2023-02-08","","856.765625"
"CENTRO CULTURAL DANIEL MANTILLA ORBEGOZO - PIEDECUESTA","2023-02-07","","1069.57754167"
"CENTRO CULTURAL DANIEL MANTILLA ORBEGOZO - PIEDECUESTA","2023-02-06","","1370.02808333"
"CENTRO CULTURAL DANIEL MANTILLA ORBEGOZO - PIEDECUESTA","2023-02-05","","846.13991667"
"CENTRO CULTURAL DANIEL MANTILLA ORBEGOZO - PIEDECUESTA","2023-02-04","","981.40129167"
"CENTRO CULTURAL DANIEL MANTILLA ORBEGOZO - PIEDECUESTA","2023-02-03","","1133.3023913"
"CENTRO CULTURAL DANIEL MANTILLA ORBEGOZO - PIEDECUESTA","2023-02-02","","1094.83116667"
"CENTRO CULTURAL DANIEL MANTILLA ORBEGOZO - PIEDECUESTA","2023-02-01","","1088.19908333"
"CENTRO CULTURAL DANIEL MANTILLA ORBEGOZO - PIEDECUESTA","2023-01-31","","1084.63304167"
"CENTRO CULTURAL DANIEL MANTILLA ORBEGOZO - PIEDECUESTA","2023-01-30","","1006.97175"
"CENTRO CULTURAL DANIEL MANTILLA ORBEGOZO - PIEDECUESTA","2023-01-29","","807.92170833"
"CENTRO CULTURAL DANIEL MANTILLA ORBEGOZO - PIEDECUESTA","2023-01-28","","944.461"
"CENTRO CULTURAL DANIEL MANTILLA ORBEGOZO - PIEDECUESTA","2023-01-27","","922.321125"
"CENTRO CULTURAL DANIEL MANTILLA ORBEGOZO - PIEDECUESTA","2023-01-26","","991.59058333"
"CENTRO CULTURAL DANIEL MANTILLA ORBEGOZO - PIEDECUESTA","2023-01-25","","847.87079167"
"CENTRO CULTURAL DANIEL MANTILLA ORBEGOZO - PIEDECUESTA","2023-01-24","","897.30241667"
"CENTRO CULTURAL DANIEL MANTILLA ORBEGOZO - PIEDECUESTA","2023-01-23","","845.33275"
"CENTRO CULTURAL DANIEL MANTILLA ORBEGOZO - PIEDECUESTA","2023-01-22","","654.444625"
"CENTRO CULTURAL DANIEL MANTILLA ORBEGOZO - PIEDECUESTA","2023-01-21","","779.14654167"
"CENTRO CULTURAL DANIEL MANTILLA ORBEGOZO - PIEDECUESTA","2023-01-20","","748.13929167"
"CENTRO CULTURAL DANIEL MANTILLA ORBEGOZO - PIEDECUESTA","2023-01-19","","703.26820833"
"CENTRO CULTURAL DANIEL MANTILLA ORBEGOZO - PIEDECUESTA","2023-01-18","","625.58179167"
"CENTRO CULTURAL DANIEL MANTILLA ORBEGOZO - PIEDECUESTA","2023-01-17","","594.5715"
"CENTRO CULTURAL DANIEL MANTILLA ORBEGOZO - PIEDECUESTA","2023-01-16","","544.43795652"
"CENTRO CULTURAL DANIEL MANTILLA ORBEGOZO - PIEDECUESTA","2023-01-15","","425.55573913"
"CENTRO CULTURAL DANIEL MANTILLA ORBEGOZO - PIEDECUESTA","2023-01-14","","556.142125"
"CENTRO CULTURAL DANIEL MANTILLA ORBEGOZO - PIEDECUESTA","2023-01-13","","617.44575"
"CENTRO CULTURAL DANIEL MANTILLA ORBEGOZO - PIEDECUESTA","2023-01-12","","647.9136087"
"CENTRO CULTURAL DANIEL MANTILLA ORBEGOZO - PIEDECUESTA","2023-01-11","","576.636625"
"CENTRO CULTURAL DANIEL MANTILLA ORBEGOZO - PIEDECUESTA","2023-01-10","","609.823875"
"CENTRO CULTURAL DANIEL MANTILLA ORBEGOZO - PIEDECUESTA","2023-01-09","","433.37052174"
"CENTRO CULTURAL DANIEL MANTILLA ORBEGOZO - PIEDECUESTA","2023-01-08","","517.15968182"
"CENTRO CULTURAL DANIEL MANTILLA ORBEGOZO - PIEDECUESTA","2023-01-07","","611.5375"
"CENTRO CULTURAL DANIEL MANTILLA ORBEGOZO - PIEDECUESTA","2023-01-06","","496.67916667"
"CENTRO CULTURAL DANIEL MANTILLA ORBEGOZO - PIEDECUESTA","2023-01-05","","690.725"
"CENTRO CULTURAL DANIEL MANTILLA ORBEGOZO - PIEDECUESTA","2023-01-04","","556.67391304"
"CENTRO CULTURAL DANIEL MANTILLA ORBEGOZO - PIEDECUESTA","2023-01-03","","770.50833333"
"CENTRO CULTURAL DANIEL MANTILLA ORBEGOZO - PIEDECUESTA","2023-01-02","","580.1625"
"CENTRO CULTURAL DANIEL MANTILLA ORBEGOZO - PIEDECUESTA","2023-01-01","","317.2173913"
"CENTRO CULTURAL DANIEL MANTILLA ORBEGOZO - PIEDECUESTA","2022-12-31","","814.86608696"
"CENTRO CULTURAL DANIEL MANTILLA ORBEGOZO - PIEDECUESTA","2022-12-30","","795.19679167"
"CENTRO CULTURAL DANIEL MANTILLA ORBEGOZO - PIEDECUESTA","2022-12-29","","650.680125"
"CENTRO CULTURAL DANIEL MANTILLA ORBEGOZO - PIEDECUESTA","2022-12-28","","497.81270833"
"CENTRO CULTURAL DANIEL MANTILLA ORBEGOZO - PIEDECUESTA","2022-12-27","","486.35195833"
"CENTRO CULTURAL DANIEL MANTILLA ORBEGOZO - PIEDECUESTA","2022-12-26","","556.251875"
"CENTRO CULTURAL DANIEL MANTILLA ORBEGOZO - PIEDECUESTA","2022-12-25","","534.851"
"CENTRO CULTURAL DANIEL MANTILLA ORBEGOZO - PIEDECUESTA","2022-12-24","","795.79633333"
"CENTRO CULTURAL DANIEL MANTILLA ORBEGOZO - PIEDECUESTA","2022-12-23","","657.96408333"
"CENTRO CULTURAL DANIEL MANTILLA ORBEGOZO - PIEDECUESTA","2022-12-22","","627.53604167"
"CENTRO CULTURAL DANIEL MANTILLA ORBEGOZO - PIEDECUESTA","2022-12-21","","661.69741667"
"CENTRO CULTURAL DANIEL MANTILLA ORBEGOZO - PIEDECUESTA","2022-12-20","","632.69445833"
"CENTRO CULTURAL DANIEL MANTILLA ORBEGOZO - PIEDECUESTA","2022-12-19","","469.79116667"
"CENTRO CULTURAL DANIEL MANTILLA ORBEGOZO - PIEDECUESTA","2022-12-18","","379.370875"
"CENTRO CULTURAL DANIEL MANTILLA ORBEGOZO - PIEDECUESTA","2022-12-17","","562.005625"
"CENTRO CULTURAL DANIEL MANTILLA ORBEGOZO - PIEDECUESTA","2022-12-16","","572.965875"
"CENTRO CULTURAL DANIEL MANTILLA ORBEGOZO - PIEDECUESTA","2022-12-15","","499.27833333"
"CENTRO CULTURAL DANIEL MANTILLA ORBEGOZO - PIEDECUESTA","2022-12-14","","521.319625"
"CENTRO CULTURAL DANIEL MANTILLA ORBEGOZO - PIEDECUESTA","2022-12-13","","469.63083333"
"CENTRO CULTURAL DANIEL MANTILLA ORBEGOZO - PIEDECUESTA","2022-12-12","","474.18066667"
"CENTRO CULTURAL DANIEL MANTILLA ORBEGOZO - PIEDECUESTA","2022-12-11","","400.59604167"
"CENTRO CULTURAL DANIEL MANTILLA ORBEGOZO - PIEDECUESTA","2022-12-10","","365.86158333"
"CENTRO CULTURAL DANIEL MANTILLA ORBEGOZO - PIEDECUESTA","2022-12-09","","891.98168182"
"CENTRO CULTURAL DANIEL MANTILLA ORBEGOZO - PIEDECUESTA","2022-12-08","","1051.28608333"
"CENTRO CULTURAL DANIEL MANTILLA ORBEGOZO - PIEDECUESTA","2022-12-07","","1227.246125"
"CENTRO CULTURAL DANIEL MANTILLA ORBEGOZO - PIEDECUESTA","2022-12-06","","972.06525"
"CENTRO CULTURAL DANIEL MANTILLA ORBEGOZO - PIEDECUESTA","2022-12-05","","1014.48504167"
"CENTRO CULTURAL DANIEL MANTILLA ORBEGOZO - PIEDECUESTA","2022-12-04","","977.01416667"
"CENTRO CULTURAL DANIEL MANTILLA ORBEGOZO - PIEDECUESTA","2022-12-03","","1040.77254167"
"CENTRO CULTURAL DANIEL MANTILLA ORBEGOZO - PIEDECUESTA","2022-12-02","","1154.23166667"
"CENTRO CULTURAL DANIEL MANTILLA ORBEGOZO - PIEDECUESTA","2022-12-01","","1028.2415"
"CENTRO CULTURAL DANIEL MANTILLA ORBEGOZO - PIEDECUESTA","2022-11-30","","926.94520833"
"CENTRO CULTURAL DANIEL MANTILLA ORBEGOZO - PIEDECUESTA","2022-11-29","","1015.8575"
"CENTRO CULTURAL DANIEL MANTILLA ORBEGOZO - PIEDECUESTA","2022-11-28","","1029.74175"
"CENTRO CULTURAL DANIEL MANTILLA ORBEGOZO - PIEDECUESTA","2022-11-27","","948.01808333"
"CENTRO CULTURAL DANIEL MANTILLA ORBEGOZO - PIEDECUESTA","2022-11-26","","1068.10754167"
"CENTRO CULTURAL DANIEL MANTILLA ORBEGOZO - PIEDECUESTA","2022-11-25","","963.92295833"
"CENTRO CULTURAL DANIEL MANTILLA ORBEGOZO - PIEDECUESTA","2022-11-24","","947.54035"
"CENTRO CULTURAL DANIEL MANTILLA ORBEGOZO - PIEDECUESTA","2022-11-23","","935.77695833"
"CENTRO CULTURAL DANIEL MANTILLA ORBEGOZO - PIEDECUESTA","2022-11-22","","886.76929167"
"CENTRO CULTURAL DANIEL MANTILLA ORBEGOZO - PIEDECUESTA","2022-11-21","","933.66816667"
"CENTRO CULTURAL DANIEL MANTILLA ORBEGOZO - PIEDECUESTA","2022-11-20","","854.61295833"
"CENTRO CULTURAL DANIEL MANTILLA ORBEGOZO - PIEDECUESTA","2022-11-19","","959.26704167"
"CENTRO CULTURAL DANIEL MANTILLA ORBEGOZO - PIEDECUESTA","2022-11-18","","1306.377"
"CENTRO CULTURAL DANIEL MANTILLA ORBEGOZO - PIEDECUESTA","2022-11-17","","1403.817125"
"CENTRO CULTURAL DANIEL MANTILLA ORBEGOZO - PIEDECUESTA","2022-11-16","","1037.43008333"
"CENTRO CULTURAL DANIEL MANTILLA ORBEGOZO - PIEDECUESTA","2022-11-15","","1019.580625"
"CENTRO CULTURAL DANIEL MANTILLA ORBEGOZO - PIEDECUESTA","2022-11-14","","566.90941667"
"CENTRO CULTURAL DANIEL MANTILLA ORBEGOZO - PIEDECUESTA","2022-11-13","","699.47308333"
"CENTRO CULTURAL DANIEL MANTILLA ORBEGOZO - PIEDECUESTA","2022-11-12","","980.80741667"
"CENTRO CULTURAL DANIEL MANTILLA ORBEGOZO - PIEDECUESTA","2022-11-11","","1097.944875"
"CENTRO CULTURAL DANIEL MANTILLA ORBEGOZO - PIEDECUESTA","2022-11-10","","1280.47483333"
"CENTRO CULTURAL DANIEL MANTILLA ORBEGOZO - PIEDECUESTA","2022-11-09","","823.87683333"
"CENTRO CULTURAL DANIEL MANTILLA ORBEGOZO - PIEDECUESTA","2022-11-08","","826.174875"
"CENTRO CULTURAL DANIEL MANTILLA ORBEGOZO - PIEDECUESTA","2022-11-07","","585.2766087"
"CENTRO CULTURAL DANIEL MANTILLA ORBEGOZO - PIEDECUESTA","2022-11-06","","622.19229167"
"CENTRO CULTURAL DANIEL MANTILLA ORBEGOZO - PIEDECUESTA","2022-11-05","","1012.38131818"
"CENTRO CULTURAL DANIEL MANTILLA ORBEGOZO - PIEDECUESTA","2022-11-04","","1070.58054167"
"CENTRO CULTURAL DANIEL MANTILLA ORBEGOZO - PIEDECUESTA","2022-11-03","","1233.73754167"
"CENTRO CULTURAL DANIEL MANTILLA ORBEGOZO - PIEDECUESTA","2022-11-02","","1025.221125"
"CENTRO CULTURAL DANIEL MANTILLA ORBEGOZO - PIEDECUESTA","2022-11-01","","1050.84033333"
"CENTRO CULTURAL DANIEL MANTILLA ORBEGOZO - PIEDECUESTA","2022-10-31","","1254.41066667"
"CENTRO CULTURAL DANIEL MANTILLA ORBEGOZO - PIEDECUESTA","2022-10-30","","894.02045833"
"CENTRO CULTURAL DANIEL MANTILLA ORBEGOZO - PIEDECUESTA","2022-10-29","","995.76854167"
"CENTRO CULTURAL DANIEL MANTILLA ORBEGOZO - PIEDECUESTA","2022-10-28","","780.81182609"
"CENTRO CULTURAL DANIEL MANTILLA ORBEGOZO - PIEDECUESTA","2022-10-27","","400.572375"
"CENTRO CULTURAL DANIEL MANTILLA ORBEGOZO - PIEDECUESTA","2022-10-26","","1491.16659091"
"CENTRO CULTURAL DANIEL MANTILLA ORBEGOZO - PIEDECUESTA","2022-10-25","","1562.529375"
"CENTRO CULTURAL DANIEL MANTILLA ORBEGOZO - PIEDECUESTA","2022-10-24","","1449.39920833"
"CENTRO CULTURAL DANIEL MANTILLA ORBEGOZO - PIEDECUESTA","2022-10-23","","1369.3"
"CENTRO CULTURAL DANIEL MANTILLA ORBEGOZO - PIEDECUESTA","2022-10-22","","1441.54995833"
"CENTRO CULTURAL DANIEL MANTILLA ORBEGOZO - PIEDECUESTA","2022-10-21","","1548.96333333"
"CENTRO CULTURAL DANIEL MANTILLA ORBEGOZO - PIEDECUESTA","2022-10-20","","1774.41245833"
"CENTRO CULTURAL DANIEL MANTILLA ORBEGOZO - PIEDECUESTA","2022-10-19","","1518.76029167"
"CENTRO CULTURAL DANIEL MANTILLA ORBEGOZO - PIEDECUESTA","2022-10-18","","1486.481875"
"CENTRO CULTURAL DANIEL MANTILLA ORBEGOZO - PIEDECUESTA","2022-10-17","","1101.96879167"
"CENTRO CULTURAL DANIEL MANTILLA ORBEGOZO - PIEDECUESTA","2022-10-16","","1275.74895833"
"CENTRO CULTURAL DANIEL MANTILLA ORBEGOZO - PIEDECUESTA","2022-10-15","","1621.92279167"
"CENTRO CULTURAL DANIEL MANTILLA ORBEGOZO - PIEDECUESTA","2022-10-14","","1595.52829412"
"CENTRO CULTURAL DANIEL MANTILLA ORBEGOZO - PIEDECUESTA","2022-10-13","","1507.50658333"
"CENTRO CULTURAL DANIEL MANTILLA ORBEGOZO - PIEDECUESTA","2022-10-12","","1341.5895"
"CENTRO CULTURAL DANIEL MANTILLA ORBEGOZO - PIEDECUESTA","2022-10-11","","1605.087"
"CENTRO CULTURAL DANIEL MANTILLA ORBEGOZO - PIEDECUESTA","2022-10-10","","1486.06745833"
"CENTRO CULTURAL DANIEL MANTILLA ORBEGOZO - PIEDECUESTA","2022-10-09","","1204.5166087"
"CENTRO CULTURAL DANIEL MANTILLA ORBEGOZO - PIEDECUESTA","2022-10-08","","1354.57"
"CENTRO CULTURAL DANIEL MANTILLA ORBEGOZO - PIEDECUESTA","2022-10-07","","1490.32341667"
"CENTRO CULTURAL DANIEL MANTILLA ORBEGOZO - PIEDECUESTA","2022-10-06","","1622.07029167"
"CENTRO CULTURAL DANIEL MANTILLA ORBEGOZO - PIEDECUESTA","2022-10-05","","1302.39975"
"CENTRO CULTURAL DANIEL MANTILLA ORBEGOZO - PIEDECUESTA","2022-10-04","","1551.24204167"
"CENTRO CULTURAL DANIEL MANTILLA ORBEGOZO - PIEDECUESTA","2022-10-03","","1652.32795833"
"CENTRO CULTURAL DANIEL MANTILLA ORBEGOZO - PIEDECUESTA","2022-10-02","","1093.94826087"
"CENTRO CULTURAL DANIEL MANTILLA ORBEGOZO - PIEDECUESTA","2022-10-01","","1131.50825"
"CENTRO CULTURAL DANIEL MANTILLA ORBEGOZO - PIEDECUESTA","2022-09-30","","1345.699875"
"CENTRO CULTURAL DANIEL MANTILLA ORBEGOZO - PIEDECUESTA","2022-09-29","","932.76183333"
"CENTRO CULTURAL DANIEL MANTILLA ORBEGOZO - PIEDECUESTA","2022-09-28","","1261.72569565"
"CENTRO CULTURAL DANIEL MANTILLA ORBEGOZO - PIEDECUESTA","2022-09-27","","1246.18908333"
"CENTRO CULTURAL DANIEL MANTILLA ORBEGOZO - PIEDECUESTA","2022-09-26","","1404.51704167"
"CENTRO CULTURAL DANIEL MANTILLA ORBEGOZO - PIEDECUESTA","2022-09-25","","965.85926087"
"CENTRO CULTURAL DANIEL MANTILLA ORBEGOZO - PIEDECUESTA","2022-09-24","","943.555"
"CENTRO CULTURAL DANIEL MANTILLA ORBEGOZO - PIEDECUESTA","2022-09-23","","1149.62816667"
"CENTRO CULTURAL DANIEL MANTILLA ORBEGOZO - PIEDECUESTA","2022-09-22","","1263.4885"
"CENTRO CULTURAL DANIEL MANTILLA ORBEGOZO - PIEDECUESTA","2022-09-21","","1061.544125"
"CENTRO CULTURAL DANIEL MANTILLA ORBEGOZO - PIEDECUESTA","2022-09-20","","1143.83666667"
"CENTRO CULTURAL DANIEL MANTILLA ORBEGOZO - PIEDECUESTA","2022-09-19","","1174.139375"
"CENTRO CULTURAL DANIEL MANTILLA ORBEGOZO - PIEDECUESTA","2022-09-18","","868.23008696"
"CENTRO CULTURAL DANIEL MANTILLA ORBEGOZO - PIEDECUESTA","2022-09-17","","1178.11575"
"CENTRO CULTURAL DANIEL MANTILLA ORBEGOZO - PIEDECUESTA","2022-09-16","","1060.48591667"
"CENTRO CULTURAL DANIEL MANTILLA ORBEGOZO - PIEDECUESTA","2022-09-15","","1243.33986957"
"CENTRO CULTURAL DANIEL MANTILLA ORBEGOZO - PIEDECUESTA","2022-09-14","","864.38191667"
"CENTRO CULTURAL DANIEL MANTILLA ORBEGOZO - PIEDECUESTA","2022-09-13","","845.24770833"
"CENTRO CULTURAL DANIEL MANTILLA ORBEGOZO - PIEDECUESTA","2022-09-12","","1071.23091667"
"CENTRO CULTURAL DANIEL MANTILLA ORBEGOZO - PIEDECUESTA","2022-09-11","","882.42452174"
"CENTRO CULTURAL DANIEL MANTILLA ORBEGOZO - PIEDECUESTA","2022-09-10","","1007.83604167"
"CENTRO CULTURAL DANIEL MANTILLA ORBEGOZO - PIEDECUESTA","2022-09-09","","1015.85929167"
"CENTRO CULTURAL DANIEL MANTILLA ORBEGOZO - PIEDECUESTA","2022-09-08","","1110.91995833"
"CENTRO CULTURAL DANIEL MANTILLA ORBEGOZO - PIEDECUESTA","2022-09-07","","1420.09645833"
"CENTRO CULTURAL DANIEL MANTILLA ORBEGOZO - PIEDECUESTA","2022-09-06","","1229.700125"
"CENTRO CULTURAL DANIEL MANTILLA ORBEGOZO - PIEDECUESTA","2022-09-05","","1224.35895833"
"CENTRO CULTURAL DANIEL MANTILLA ORBEGOZO - PIEDECUESTA","2022-09-04","","915.61686957"
"CENTRO CULTURAL DANIEL MANTILLA ORBEGOZO - PIEDECUESTA","2022-09-03","","828.0605"
"CENTRO CULTURAL DANIEL MANTILLA ORBEGOZO - PIEDECUESTA","2022-09-02","","926.52845833"
"CENTRO CULTURAL DANIEL MANTILLA ORBEGOZO - PIEDECUESTA","2022-09-01","","907.9664"
"CENTRO CULTURAL DANIEL MANTILLA ORBEGOZO - PIEDECUESTA","2022-08-31","","1599.32608696"
"CENTRO CULTURAL DANIEL MANTILLA ORBEGOZO - PIEDECUESTA","2022-08-30","","1549.45416667"
"CENTRO CULTURAL DANIEL MANTILLA ORBEGOZO - PIEDECUESTA","2022-08-29","","1546.1375"
"CENTRO CULTURAL DANIEL MANTILLA ORBEGOZO - PIEDECUESTA","2022-08-28","","1331.78333333"
"CENTRO CULTURAL DANIEL MANTILLA ORBEGOZO - PIEDECUESTA","2022-08-27","","1527.2375"
"CENTRO CULTURAL DANIEL MANTILLA ORBEGOZO - PIEDECUESTA","2022-08-26","","1495.33333333"
"CENTRO CULTURAL DANIEL MANTILLA ORBEGOZO - PIEDECUESTA","2022-08-25","","1511.81666667"
"CENTRO CULTURAL DANIEL MANTILLA ORBEGOZO - PIEDECUESTA","2022-08-24","","1582.15833333"
"CENTRO CULTURAL DANIEL MANTILLA ORBEGOZO - PIEDECUESTA","2022-08-23","","1491.0125"
"CENTRO CULTURAL DANIEL MANTILLA ORBEGOZO - PIEDECUESTA","2022-08-22","","1536.37916667"
"CENTRO CULTURAL DANIEL MANTILLA ORBEGOZO - PIEDECUESTA","2022-08-21","","1179.025"
"CENTRO CULTURAL DANIEL MANTILLA ORBEGOZO - PIEDECUESTA","2022-08-20","","1199.87916667"
"CENTRO CULTURAL DANIEL MANTILLA ORBEGOZO - PIEDECUESTA","2022-08-19","","1502.57083333"
"CENTRO CULTURAL DANIEL MANTILLA ORBEGOZO - PIEDECUESTA","2022-08-18","","1445.02083333"
"CENTRO CULTURAL DANIEL MANTILLA ORBEGOZO - PIEDECUESTA","2022-08-17","","1309.0875"
"CENTRO CULTURAL DANIEL MANTILLA ORBEGOZO - PIEDECUESTA","2022-08-16","","1372.20416667"
"CENTRO CULTURAL DANIEL MANTILLA ORBEGOZO - PIEDECUESTA","2022-08-15","","1138.1625"
"CENTRO CULTURAL DANIEL MANTILLA ORBEGOZO - PIEDECUESTA","2022-08-14","","1126.76666667"
"CENTRO CULTURAL DANIEL MANTILLA ORBEGOZO - PIEDECUESTA","2022-08-13","","1356.92916667"
"CENTRO CULTURAL DANIEL MANTILLA ORBEGOZO - PIEDECUESTA","2022-08-12","","1289.29166667"
"CENTRO CULTURAL DANIEL MANTILLA ORBEGOZO - PIEDECUESTA","2022-08-11","","1423.4625"
"CENTRO CULTURAL DANIEL MANTILLA ORBEGOZO - PIEDECUESTA","2022-08-10","","1170.50833333"
"CENTRO CULTURAL DANIEL MANTILLA ORBEGOZO - PIEDECUESTA","2022-08-09","","1233.90416667"
"CENTRO CULTURAL DANIEL MANTILLA ORBEGOZO - PIEDECUESTA","2022-08-08","","1226.96666667"
"CENTRO CULTURAL DANIEL MANTILLA ORBEGOZO - PIEDECUESTA","2022-08-07","","1085.82916667"
"CENTRO CULTURAL DANIEL MANTILLA ORBEGOZO - PIEDECUESTA","2022-08-06","","1259.725"
"CENTRO CULTURAL DANIEL MANTILLA ORBEGOZO - PIEDECUESTA","2022-08-05","","1286.52083333"
"CENTRO CULTURAL DANIEL MANTILLA ORBEGOZO - PIEDECUESTA","2022-08-04","","1342.17916667"
"CENTRO CULTURAL DANIEL MANTILLA ORBEGOZO - PIEDECUESTA","2022-08-03","","1462.3125"
"CENTRO CULTURAL DANIEL MANTILLA ORBEGOZO - PIEDECUESTA","2022-08-02","","1322.75833333"
"CENTRO CULTURAL DANIEL MANTILLA ORBEGOZO - PIEDECUESTA","2022-08-01","","1232.50833333"
"CENTRO CULTURAL DANIEL MANTILLA ORBEGOZO - PIEDECUESTA","2022-07-31","","1298.85652174"
"CENTRO CULTURAL DANIEL MANTILLA ORBEGOZO - PIEDECUESTA","2022-07-30","","1260.6"
"CENTRO CULTURAL DANIEL MANTILLA ORBEGOZO - PIEDECUESTA","2022-07-29","","1291.94166667"
"CENTRO CULTURAL DANIEL MANTILLA ORBEGOZO - PIEDECUESTA","2022-07-28","","1041.47916667"
"CENTRO CULTURAL DANIEL MANTILLA ORBEGOZO - PIEDECUESTA","2022-07-27","","1081.12727273"
"CENTRO CULTURAL DANIEL MANTILLA ORBEGOZO - PIEDECUESTA","2022-07-26","","981.35416667"
"CENTRO CULTURAL DANIEL MANTILLA ORBEGOZO - PIEDECUESTA","2022-07-25","","1046.40416667"
"CENTRO CULTURAL DANIEL MANTILLA ORBEGOZO - PIEDECUESTA","2022-07-24","","788.575"
"CENTRO CULTURAL DANIEL MANTILLA ORBEGOZO - PIEDECUESTA","2022-07-23","","1002.73333333"
"CENTRO CULTURAL DANIEL MANTILLA ORBEGOZO - PIEDECUESTA","2022-07-22","","1153.48333333"
"CENTRO CULTURAL DANIEL MANTILLA ORBEGOZO - PIEDECUESTA","2022-07-21","","1075.59166667"
"CENTRO CULTURAL DANIEL MANTILLA ORBEGOZO - PIEDECUESTA","2022-07-20","","846.28333333"
"CENTRO CULTURAL DANIEL MANTILLA ORBEGOZO - PIEDECUESTA","2022-07-19","","1100.29166667"
"CENTRO CULTURAL DANIEL MANTILLA ORBEGOZO - PIEDECUESTA","2022-07-18","","820.025"
"CENTRO CULTURAL DANIEL MANTILLA ORBEGOZO - PIEDECUESTA","2022-07-17","","808.6875"
"CENTRO CULTURAL DANIEL MANTILLA ORBEGOZO - PIEDECUESTA","2022-07-16","","1018.6875"
"CENTRO CULTURAL DANIEL MANTILLA ORBEGOZO - PIEDECUESTA","2022-07-15","","1004.89583333"
"CENTRO CULTURAL DANIEL MANTILLA ORBEGOZO - PIEDECUESTA","2022-07-14","","929.27083333"
"CENTRO CULTURAL DANIEL MANTILLA ORBEGOZO - PIEDECUESTA","2022-07-13","","925.15"
"CENTRO CULTURAL DANIEL MANTILLA ORBEGOZO - PIEDECUESTA","2022-07-12","","1086.59583333"
"CENTRO CULTURAL DANIEL MANTILLA ORBEGOZO - PIEDECUESTA","2022-07-11","","1043.8125"
"CENTRO CULTURAL DANIEL MANTILLA ORBEGOZO - PIEDECUESTA","2022-07-10","","920.16666667"
"CENTRO CULTURAL DANIEL MANTILLA ORBEGOZO - PIEDECUESTA","2022-07-09","","989.26666667"
"CENTRO CULTURAL DANIEL MANTILLA ORBEGOZO - PIEDECUESTA","2022-07-08","","998.32916667"
"CENTRO CULTURAL DANIEL MANTILLA ORBEGOZO - PIEDECUESTA","2022-07-07","","930.95"
"CENTRO CULTURAL DANIEL MANTILLA ORBEGOZO - PIEDECUESTA","2022-07-06","","1083.72916667"
"CENTRO CULTURAL DANIEL MANTILLA ORBEGOZO - PIEDECUESTA","2022-07-05","","910.3375"
"CENTRO CULTURAL DANIEL MANTILLA ORBEGOZO - PIEDECUESTA","2022-07-04","","797.45"
"CENTRO CULTURAL DANIEL MANTILLA ORBEGOZO - PIEDECUESTA","2022-07-03","","815.40833333"
"CENTRO CULTURAL DANIEL MANTILLA ORBEGOZO - PIEDECUESTA","2022-07-02","","835.47083333"
"CENTRO CULTURAL DANIEL MANTILLA ORBEGOZO - PIEDECUESTA","2022-07-01","","826.43333333"
"CENTRO CULTURAL DANIEL MANTILLA ORBEGOZO - PIEDECUESTA","2022-06-30","","905.33913043"
"CENTRO CULTURAL DANIEL MANTILLA ORBEGOZO - PIEDECUESTA","2022-06-29","","743.74583333"
"CENTRO CULTURAL DANIEL MANTILLA ORBEGOZO - PIEDECUESTA","2022-06-28","","805.2375"
"CENTRO CULTURAL DANIEL MANTILLA ORBEGOZO - PIEDECUESTA","2022-06-27","","489.13333333"
"CENTRO CULTURAL DANIEL MANTILLA ORBEGOZO - PIEDECUESTA","2022-06-26","","568.54583333"
"CENTRO CULTURAL DANIEL MANTILLA ORBEGOZO - PIEDECUESTA","2022-06-25","","811.2"
"CENTRO CULTURAL DANIEL MANTILLA ORBEGOZO - PIEDECUESTA","2022-06-24","","777.04583333"
"CENTRO CULTURAL DANIEL MANTILLA ORBEGOZO - PIEDECUESTA","2022-06-23","","659.54583333"
"CENTRO CULTURAL DANIEL MANTILLA ORBEGOZO - PIEDECUESTA","2022-06-22","","428.35"
"CENTRO CULTURAL DANIEL MANTILLA ORBEGOZO - PIEDECUESTA","2022-06-21","","836.79166667"
"CENTRO CULTURAL DANIEL MANTILLA ORBEGOZO - PIEDECUESTA","2022-06-20","","649.50416667"
"CENTRO CULTURAL DANIEL MANTILLA ORBEGOZO - PIEDECUESTA","2022-06-19","","714.975"
"CENTRO CULTURAL DANIEL MANTILLA ORBEGOZO - PIEDECUESTA","2022-06-18","","899.025"
"CENTRO CULTURAL DANIEL MANTILLA ORBEGOZO - PIEDECUESTA","2022-06-17","","964.94545455"
"CENTRO CULTURAL DANIEL MANTILLA ORBEGOZO - PIEDECUESTA","2022-06-16","","947.89333333"
"CENTRO CULTURAL DANIEL MANTILLA ORBEGOZO - PIEDECUESTA","2022-06-15","","931.29583333"
"CENTRO CULTURAL DANIEL MANTILLA ORBEGOZO - PIEDECUESTA","2022-06-14","","936.65"
"CENTRO CULTURAL DANIEL MANTILLA ORBEGOZO - PIEDECUESTA","2022-06-13","","813.90416667"
"CENTRO CULTURAL DANIEL MANTILLA ORBEGOZO - PIEDECUESTA","2022-06-12","","814.39583333"
"CENTRO CULTURAL DANIEL MANTILLA ORBEGOZO - PIEDECUESTA","2022-06-11","","868.32916667"
"CENTRO CULTURAL DANIEL MANTILLA ORBEGOZO - PIEDECUESTA","2022-06-10","","1040.01666667"
"CENTRO CULTURAL DANIEL MANTILLA ORBEGOZO - PIEDECUESTA","2022-06-09","","1051.14166667"
"CENTRO CULTURAL DANIEL MANTILLA ORBEGOZO - PIEDECUESTA","2022-06-08","","905.96666667"
"CENTRO CULTURAL DANIEL MANTILLA ORBEGOZO - PIEDECUESTA","2022-06-07","","933.63333333"
"CENTRO CULTURAL DANIEL MANTILLA ORBEGOZO - PIEDECUESTA","2022-06-06","","785.825"
"CENTRO CULTURAL DANIEL MANTILLA ORBEGOZO - PIEDECUESTA","2022-06-05","","757.21666667"
"CENTRO CULTURAL DANIEL MANTILLA ORBEGOZO - PIEDECUESTA","2022-06-04","","979.74583333"
"CENTRO CULTURAL DANIEL MANTILLA ORBEGOZO - PIEDECUESTA","2022-06-03","","724.55833333"
"CENTRO CULTURAL DANIEL MANTILLA ORBEGOZO - PIEDECUESTA","2022-06-02","","725.29166667"
"CENTRO CULTURAL DANIEL MANTILLA ORBEGOZO - PIEDECUESTA","2022-06-01","","952.425"
"CENTRO CULTURAL DANIEL MANTILLA ORBEGOZO - PIEDECUESTA","2022-05-31","","593.13913043"
"CENTRO CULTURAL DANIEL MANTILLA ORBEGOZO - PIEDECUESTA","2022-05-30","","308.8"
"CENTRO CULTURAL DANIEL MANTILLA ORBEGOZO - PIEDECUESTA","2022-05-29","","456.325"
"CENTRO CULTURAL DANIEL MANTILLA ORBEGOZO - PIEDECUESTA","2022-05-28","","766.75416667"
"CENTRO CULTURAL DANIEL MANTILLA ORBEGOZO - PIEDECUESTA","2022-05-27","","756.22916667"
"CENTRO CULTURAL DANIEL MANTILLA ORBEGOZO - PIEDECUESTA","2022-05-26","","793.26666667"
"CENTRO CULTURAL DANIEL MANTILLA ORBEGOZO - PIEDECUESTA","2022-05-25","","548.25416667"
"CENTRO CULTURAL DANIEL MANTILLA ORBEGOZO - PIEDECUESTA","2022-05-24","","574.2375"
"CENTRO CULTURAL DANIEL MANTILLA ORBEGOZO - PIEDECUESTA","2022-05-23","","501.61666667"
"CENTRO CULTURAL DANIEL MANTILLA ORBEGOZO - PIEDECUESTA","2022-05-22","","368.55"
"CENTRO CULTURAL DANIEL MANTILLA ORBEGOZO - PIEDECUESTA","2022-05-21","","429.27083333"
"CENTRO CULTURAL DANIEL MANTILLA ORBEGOZO - PIEDECUESTA","2022-05-20","","453.65416667"
"CENTRO CULTURAL DANIEL MANTILLA ORBEGOZO - PIEDECUESTA","2022-05-19","","734.9875"
"CENTRO CULTURAL DANIEL MANTILLA ORBEGOZO - PIEDECUESTA","2022-05-18","","673.22916667"
"CENTRO CULTURAL DANIEL MANTILLA ORBEGOZO - PIEDECUESTA","2022-05-17","","928.33333333"
"CENTRO CULTURAL DANIEL MANTILLA ORBEGOZO - PIEDECUESTA","2022-05-16","","1016.24166667"
"CENTRO CULTURAL DANIEL MANTILLA ORBEGOZO - PIEDECUESTA","2022-05-15","","946.39166667"
"CENTRO CULTURAL DANIEL MANTILLA ORBEGOZO - PIEDECUESTA","2022-05-14","","1079.025"
"CENTRO CULTURAL DANIEL MANTILLA ORBEGOZO - PIEDECUESTA","2022-05-13","","930.72916667"
"CENTRO CULTURAL DANIEL MANTILLA ORBEGOZO - PIEDECUESTA","2022-05-12","","1018.2375"
"CENTRO CULTURAL DANIEL MANTILLA ORBEGOZO - PIEDECUESTA","2022-05-11","","833.63333333"
"CENTRO CULTURAL DANIEL MANTILLA ORBEGOZO - PIEDECUESTA","2022-05-10","","1029.20833333"
"CENTRO CULTURAL DANIEL MANTILLA ORBEGOZO - PIEDECUESTA","2022-05-09","","928.15833333"
"CENTRO CULTURAL DANIEL MANTILLA ORBEGOZO - PIEDECUESTA","2022-05-08","","1004.49166667"
"CENTRO CULTURAL DANIEL MANTILLA ORBEGOZO - PIEDECUESTA","2022-05-07","","1071.04166667"
"CENTRO CULTURAL DANIEL MANTILLA ORBEGOZO - PIEDECUESTA","2022-05-06","","906.0375"
"CENTRO CULTURAL DANIEL MANTILLA ORBEGOZO - PIEDECUESTA","2022-05-05","","935.10416667"
"CENTRO CULTURAL DANIEL MANTILLA ORBEGOZO - PIEDECUESTA","2022-05-04","","1088.74166667"
"CENTRO CULTURAL DANIEL MANTILLA ORBEGOZO - PIEDECUESTA","2022-05-03","","990.75"
"CLUB UNIÓN","2023-09-17","","587.22582609"
"CLUB UNIÓN","2023-09-16","","763.10775"
"CLUB UNIÓN","2023-09-15","","679.27508333"
"CLUB UNIÓN","2023-09-14","","792.27341667"
"CLUB UNIÓN","2023-09-13","","587.81945833"
"CLUB UNIÓN","2023-09-12","","683.4362"
"CLUB UNIÓN","2023-09-11","","1307.55116667"
"CLUB UNIÓN","2023-09-10","","1141.86417391"
"CLUB UNIÓN","2023-09-09","","1368.18229167"
"CLUB UNIÓN","2023-09-08","","1415.914"
"CLUB UNIÓN","2023-09-07","","1336.37708333"
"CLUB UNIÓN","2023-09-06","","1273.66608333"
"CLUB UNIÓN","2023-09-05","","1279.59858333"
"CLUB UNIÓN","2023-09-04","","1073.69945833"
"CLUB UNIÓN","2023-09-03","","1001.22226087"
"CLUB UNIÓN","2023-09-02","","1215.62245833"
"CLUB UNIÓN","2023-09-01","","1340.979625"
"CLUB UNIÓN","2023-08-31","","1327.76116667"
"CLUB UNIÓN","2023-08-30","","1221.61304167"
"CLUB UNIÓN","2023-08-29","","1271.50916667"
"CLUB UNIÓN","2023-08-28","","1185.999375"
"CLUB UNIÓN","2023-08-27","","981.7306087"
"CLUB UNIÓN","2023-08-26","","1210.57208333"
"CLUB UNIÓN","2023-08-25","","1349.80095833"
"CLUB UNIÓN","2023-08-24","","979.20608333"
"CLUB UNIÓN","2023-08-23","","1038.498"
"CLUB UNIÓN","2023-08-22","","1080.08054167"
"CLUB UNIÓN","2023-08-21","","725.21670833"
"CLUB UNIÓN","2023-08-20","","731.41273913"
"CLUB UNIÓN","2023-08-19","","960.83279167"
"CLUB UNIÓN","2023-08-18","","1098.97029167"
"CLUB UNIÓN","2023-08-17","","1166.671125"
"CLUB UNIÓN","2023-08-16","","1122.375375"
"CLUB UNIÓN","2023-08-15","","1012.22133333"
"CLUB UNIÓN","2023-08-14","","1261.423"
"CLUB UNIÓN","2023-08-13","","926.82147826"
"CLUB UNIÓN","2023-08-12","","1132.05858333"
"CLUB UNIÓN","2023-08-11","","1184.04879167"
"CLUB UNIÓN","2023-08-10","","1119.51958333"
"CLUB UNIÓN","2023-08-09","","1041.3635"
"CLUB UNIÓN","2023-08-08","","1024.506125"
"CLUB UNIÓN","2023-08-07","","705.39920833"
"CLUB UNIÓN","2023-08-06","","917.31843478"
"CLUB UNIÓN","2023-08-05","","1134.70979167"
"CLUB UNIÓN","2023-08-04","","1338.20491667"
"CLUB UNIÓN","2023-08-03","","981.73866667"
"CLUB UNIÓN","2023-08-02","","1047.870375"
"CLUB UNIÓN","2023-08-01","","1053.3526087"
"CLUB UNIÓN","2023-07-31","","1008.153625"
"CLUB UNIÓN","2023-07-30","","840.21269565"
"CLUB UNIÓN","2023-07-29","","1006.55708333"
"CLUB UNIÓN","2023-07-28","","1343.25225"
"CLUB UNIÓN","2023-07-27","","938.38129167"
"CLUB UNIÓN","2023-07-26","","744.4785"
"CLUB UNIÓN","2023-07-25","","918.63245833"
"CLUB UNIÓN","2023-07-24","","940.26466667"
"CLUB UNIÓN","2023-07-23","","706.34465217"
"CLUB UNIÓN","2023-07-22","","901.32604167"
"CLUB UNIÓN","2023-07-21","","977.65479167"
"CLUB UNIÓN","2023-07-20","","702.03629167"
"CLUB UNIÓN","2023-07-19","","898.0915"
"CLUB UNIÓN","2023-07-18","","860.45426087"
"CLUB UNIÓN","2023-07-17","","915.59179167"
"CLUB UNIÓN","2023-07-16","","656.36908696"
"CLUB UNIÓN","2023-07-15","","779.90091667"
"CLUB UNIÓN","2023-07-14","","1252.63191304"
"CLUB UNIÓN","2023-07-13","","681.492"
"CLUB UNIÓN","2023-07-12","","842.518"
"CLUB UNIÓN","2023-07-11","","1162.695875"
"CLUB UNIÓN","2023-07-10","","801.64833333"
"CLUB UNIÓN","2023-07-09","","522.99482609"
"CLUB UNIÓN","2023-07-08","","846.778"
"CLUB UNIÓN","2023-07-07","","506.88686957"
"CLUB UNIÓN","2023-07-06","","695.51079167"
"CLUB UNIÓN","2023-07-05","","667.195875"
"CLUB UNIÓN","2023-07-04","","684.22186957"
"CLUB UNIÓN","2023-07-03","","1003.32191667"
"CLUB UNIÓN","2023-07-02","","1092.01304545"
"CLUB UNIÓN","2023-07-01","","1244.778875"
"CLUB UNIÓN","2023-06-30","","1230.6595"
"CLUB UNIÓN","2023-06-29","","1124.19288889"
"CLUB UNIÓN","2023-06-28","","1063.31691667"
"CLUB UNIÓN","2023-06-27","","917.85025"
"CLUB UNIÓN","2023-06-26","","1149.355125"
"CLUB UNIÓN","2023-06-25","","917.18117391"
"CLUB UNIÓN","2023-06-24","","1061.67433333"
"CLUB UNIÓN","2023-06-23","","1204.38566667"
"CLUB UNIÓN","2023-06-22","","1276.950125"
"CLUB UNIÓN","2023-06-21","","1233.63583333"
"CLUB UNIÓN","2023-06-20","","1212.16856522"
"CLUB UNIÓN","2023-06-19","","889.06479167"
"CLUB UNIÓN","2023-06-18","","996.22243478"
"CLUB UNIÓN","2023-06-17","","1419.117125"
"CLUB UNIÓN","2023-06-16","","1346.02441667"
"CLUB UNIÓN","2023-06-15","","1136.746625"
"CLUB UNIÓN","2023-06-14","","1062.77629167"
"CLUB UNIÓN","2023-06-13","","1146.59158333"
"CLUB UNIÓN","2023-06-12","","930.23808333"
"CLUB UNIÓN","2023-06-11","","833.21147826"
"CLUB UNIÓN","2023-06-10","","1187.96795833"
"CLUB UNIÓN","2023-06-09","","1177.913"
"CLUB UNIÓN","2023-06-08","","1335.913"
"CLUB UNIÓN","2023-06-07","","1174.22770833"
"CLUB UNIÓN","2023-06-06","","1123.16565217"
"CLUB UNIÓN","2023-06-05","","1000.45216667"
"CLUB UNIÓN","2023-06-04","","764.34747826"
"CLUB UNIÓN","2023-06-03","","1023.7055"
"CLUB UNIÓN","2023-06-02","","1380.193375"
"CLUB UNIÓN","2023-06-01","","945.01233333"
"CLUB UNIÓN","2023-05-31","","864.71195833"
"CLUB UNIÓN","2023-05-30","","855.35629167"
"CLUB UNIÓN","2023-05-29","","797.04408333"
"CLUB UNIÓN","2023-05-28","","764.37495652"
"CLUB UNIÓN","2023-05-27","","793.76795833"
"CLUB UNIÓN","2023-05-26","","884.60483333"
"CLUB UNIÓN","2023-05-25","","701.16454167"
"CLUB UNIÓN","2023-05-24","","824.14104167"
"CLUB UNIÓN","2023-05-23","","883.10575"
"CLUB UNIÓN","2023-05-22","","455.80216667"
"CLUB UNIÓN","2023-05-21","","397.23321739"
"CLUB UNIÓN","2023-05-20","","696.65620833"
"CLUB UNIÓN","2023-05-19","","654.643"
"CLUB UNIÓN","2023-05-18","","485.72154167"
"CLUB UNIÓN","2023-05-17","","501.09358333"
"CLUB UNIÓN","2023-05-16","","622.558875"
"CLUB UNIÓN","2023-05-15","","659.8995"
"CLUB UNIÓN","2023-05-14","","471.9036087"
"CLUB UNIÓN","2023-05-13","","610.482125"
"CLUB UNIÓN","2023-05-12","","669.69583333"
"CLUB UNIÓN","2023-05-11","","506.03529167"
"CLUB UNIÓN","2023-05-10","","754.74679167"
"CLUB UNIÓN","2023-05-09","","708.44804348"
"CLUB UNIÓN","2023-05-08","","662.24683333"
"CLUB UNIÓN","2023-05-07","","490.165"
"CLUB UNIÓN","2023-05-06","","543.98316667"
"CLUB UNIÓN","2023-05-05","","620.738"
"CLUB UNIÓN","2023-05-04","","641.638125"
"CLUB UNIÓN","2023-05-03","","675.26845833"
"CLUB UNIÓN","2023-05-02","","650.46883333"
"CLUB UNIÓN","2023-05-01","","343.27504167"
"CLUB UNIÓN","2023-04-30","","360.63634783"
"CLUB UNIÓN","2023-04-29","","552.14241667"
"CLUB UNIÓN","2023-04-28","","630.95991667"
"CLUB UNIÓN","2023-04-27","","482.49779167"
"CLUB UNIÓN","2023-04-26","","524.92279167"
"CLUB UNIÓN","2023-04-25","","386.84972727"
"CLUB UNIÓN","2023-04-24","","409.33983333"
"CLUB UNIÓN","2023-04-23","","569.1387"
"CLUB UNIÓN","2023-04-22","","615.44991667"
"CLUB UNIÓN","2023-04-21","","629.74991667"
"CLUB UNIÓN","2023-04-20","","764.92941667"
"CLUB UNIÓN","2023-04-19","","545.04795833"
"CLUB UNIÓN","2023-04-18","","383.58575"
"CLUB UNIÓN","2023-04-17","","400.25220833"
"CLUB UNIÓN","2023-04-16","","229.12"
"CLUB UNIÓN","2023-04-13","","2097.01607143"
"CLUB UNIÓN","2023-04-12","","1489.6955"
"CLUB UNIÓN","2023-04-11","","1349.51954167"
"CLUB UNIÓN","2023-04-10","","1310.69594737"
"CLUB UNIÓN","2023-04-09","","1193.07282609"
"CLUB UNIÓN","2023-04-08","","1113.35633333"
"CLUB UNIÓN","2023-04-07","","942.7785"
"CLUB UNIÓN","2023-04-06","","1207.230875"
"CLUB UNIÓN","2023-04-05","","1319.28495833"
"CLUB UNIÓN","2023-04-04","","1387.05958333"
"CLUB UNIÓN","2023-04-03","","1284.97795833"
"CLUB UNIÓN","2023-04-02","","1305.02866667"
"CLUB UNIÓN","2023-04-01","","1416.32466667"
"CLUB UNIÓN","2023-03-31","","1504.30945833"
"CLUB UNIÓN","2023-03-30","","1449.30641667"
"CLUB UNIÓN","2023-03-29","","1457.83045833"
"CLUB UNIÓN","2023-03-28","","1285.0255"
"CLUB UNIÓN","2023-03-27","","1351.41304167"
"CLUB UNIÓN","2023-03-26","","1252.33275"
"CLUB UNIÓN","2023-03-25","","1339.81566667"
"CLUB UNIÓN","2023-03-24","","1347.90508333"
"CLUB UNIÓN","2023-03-23","","1255.689625"
"CLUB UNIÓN","2023-03-22","","1250.00095833"
"CLUB UNIÓN","2023-03-21","","1091.03891667"
"CLUB UNIÓN","2023-03-20","","921.26"
"CLUB UNIÓN","2023-03-19","","863.80775"
"CLUB UNIÓN","2023-03-18","","952.50370833"
"CLUB UNIÓN","2023-03-17","","1075.70891667"
"CLUB UNIÓN","2023-03-16","","1111.17154167"
"CLUB UNIÓN","2023-03-15","","1063.87041667"
"CLUB UNIÓN","2023-03-14","","1209.80375"
"CLUB UNIÓN","2023-03-13","","1256.45616667"
"CLUB UNIÓN","2023-03-12","","1061.462125"
"CLUB UNIÓN","2023-03-11","","1284.63525"
"CLUB UNIÓN","2023-03-10","","1145.22779167"
"CLUB UNIÓN","2023-03-09","","1072.98029167"
"CLUB UNIÓN","2023-03-08","","988.10345833"
"CLUB UNIÓN","2023-03-07","","1144.58641667"
"CLUB UNIÓN","2023-03-06","","900.864125"
"CLUB UNIÓN","2023-03-05","","849.87786957"
"CLUB UNIÓN","2023-03-04","","1172.57108333"
"CLUB UNIÓN","2023-03-03","","1014.81495833"
"CLUB UNIÓN","2023-03-02","","1003.729875"
"CLUB UNIÓN","2023-03-01","","1143.94404545"
"CLUB UNIÓN","2023-02-28","","865.735"
"CLUB UNIÓN","2023-02-27","","780.86745833"
"CLUB UNIÓN","2023-02-26","","823.842"
"CLUB UNIÓN","2023-02-25","","971.139875"
"CLUB UNIÓN","2023-02-24","","1069.222375"
"CLUB UNIÓN","2023-02-23","","947.16204167"
"CLUB UNIÓN","2023-02-22","","1024.790125"
"CLUB UNIÓN","2023-02-21","","933.442"
"CLUB UNIÓN","2023-02-20","","707.50345833"
"CLUB UNIÓN","2023-02-19","","615.34269565"
"CLUB UNIÓN","2023-02-18","","671.21066667"
"CLUB UNIÓN","2023-02-17","","1137.27291667"
"CLUB UNIÓN","2023-02-16","","988.38026316"
"CLUB UNIÓN","2023-02-15","","847.37329412"
"CLUB UNIÓN","2023-02-14","","1138.08863636"
"CLUB UNIÓN","2023-02-13","","1005.339625"
"CLUB UNIÓN","2023-02-12","","925.64366667"
"CLUB UNIÓN","2023-02-11","","1061.37941667"
"CLUB UNIÓN","2023-02-10","","1325.23458333"
"CLUB UNIÓN","2023-02-09","","1141.589875"
"CLUB UNIÓN","2023-02-08","","1018.22391667"
"CLUB UNIÓN","2023-02-07","","1122.955"
"CLUB UNIÓN","2023-02-06","","1228.62775"
"CLUB UNIÓN","2023-02-05","","842.750875"
"CLUB UNIÓN","2023-02-04","","961.81366667"
"CLUB UNIÓN","2023-02-03","","1059.8325"
"CLUB UNIÓN","2023-02-02","","1067.38895833"
"CLUB UNIÓN","2023-02-01","","1000.979125"
"CLUB UNIÓN","2023-01-31","","1024.56041667"
"CLUB UNIÓN","2023-01-30","","875.10958333"
"CLUB UNIÓN","2023-01-29","","856.60454167"
"CLUB UNIÓN","2023-01-28","","1018.44208333"
"CLUB UNIÓN","2023-01-27","","887.590875"
"CLUB UNIÓN","2023-01-26","","1430.01669565"
"CLUB UNIÓN","2023-01-25","","1881.64758333"
"CLUB UNIÓN","2023-01-24","","1764.62454167"
"CLUB UNIÓN","2023-01-23","","1698.422875"
"CLUB UNIÓN","2023-01-22","","1413.4595"
"CLUB UNIÓN","2023-01-21","","1583.84608333"
"CLUB UNIÓN","2023-01-20","","1485.876875"
"CLUB UNIÓN","2023-01-19","","1474.77975"
"CLUB UNIÓN","2023-01-18","","1527.718875"
"CLUB UNIÓN","2023-01-17","","1359.72395833"
"CLUB UNIÓN","2023-01-16","","1146.15317391"
"CLUB UNIÓN","2023-01-15","","1073.52308333"
"CLUB UNIÓN","2023-01-14","","1304.686375"
"CLUB UNIÓN","2023-01-13","","1407.00395833"
"CLUB UNIÓN","2023-01-12","","1332.45304167"
"CLUB UNIÓN","2023-01-11","","1362.42966667"
"CLUB UNIÓN","2023-01-10","","1103.64583333"
"CLUB UNIÓN","2023-01-09","","861.00756522"
"CLUB UNIÓN","2023-01-08","","981.35669565"
"CLUB UNIÓN","2023-01-07","","1236.239125"
"CLUB UNIÓN","2023-01-06","","1324.52458333"
"CLUB UNIÓN","2023-01-05","","1214.89216667"
"CLUB UNIÓN","2023-01-04","","1117.2025"
"CLUB UNIÓN","2023-01-03","","965.64133333"
"CLUB UNIÓN","2023-01-02","","1203.84375"
"CLUB UNIÓN","2023-01-01","","714.95208696"
"CLUB UNIÓN","2022-12-31","","1084.61686957"
"CLUB UNIÓN","2022-12-30","","1298.49275"
"CLUB UNIÓN","2022-12-29","","1276.07229167"
"CLUB UNIÓN","2022-12-28","","823.939875"
"CLUB UNIÓN","2022-12-27","","1017.252125"
"CLUB UNIÓN","2022-12-26","","1022.16668182"
"CLUB UNIÓN","2022-12-25","","784.35754167"
"CLUB UNIÓN","2022-12-24","","970.57841667"
"CLUB UNIÓN","2022-12-23","","1213.837125"
"CLUB UNIÓN","2022-12-22","","1184.65079167"
"CLUB UNIÓN","2022-12-21","","984.730125"
"CLUB UNIÓN","2022-12-20","","969.20883333"
"CLUB UNIÓN","2022-12-19","","968.628125"
"CLUB UNIÓN","2022-12-18","","795.25883333"
"CLUB UNIÓN","2022-12-17","","1061.67341667"
"CLUB UNIÓN","2022-12-16","","1236.70883333"
"CLUB UNIÓN","2022-12-15","","929.40775"
"CLUB UNIÓN","2022-12-14","","1014.20583333"
"CLUB UNIÓN","2022-12-13","","805.00371429"
"CLUB UNIÓN","2022-12-12","","1225.55508333"
"CLUB UNIÓN","2022-12-11","","1129.96025"
"CLUB UNIÓN","2022-12-10","","1137.39416667"
"CLUB UNIÓN","2022-12-09","","1068.95441667"
"CLUB UNIÓN","2022-12-08","","821.11375"
"CLUB UNIÓN","2022-12-07","","895.22070833"
"CLUB UNIÓN","2022-12-06","","932.81216667"
"CLUB UNIÓN","2022-12-05","","777.761875"
"CLUB UNIÓN","2022-12-04","","748.27691667"
"CLUB UNIÓN","2022-12-03","","776.279875"
"CLUB UNIÓN","2022-12-02","","1167.63675"
"CLUB UNIÓN","2022-12-01","","1031.49208333"
"CLUB UNIÓN","2022-11-30","","658.57063636"
"CLUB UNIÓN","2022-11-29","","605.61979167"
"CLUB UNIÓN","2022-11-28","","597.33908333"
"CLUB UNIÓN","2022-11-27","","691.845625"
"CLUB UNIÓN","2022-11-26","","691.19808333"
"CLUB UNIÓN","2022-11-25","","878.53373913"
"CLUB UNIÓN","2022-11-24","","577.34329167"
"CLUB UNIÓN","2022-11-23","","541.55595833"
"CLUB UNIÓN","2022-11-22","","382.35277778"
"CLUB UNIÓN","2022-11-21","","611.07261538"
"CLUB UNIÓN","2022-11-20","","792.5801"
"CLUB UNIÓN","2022-11-19","","1024.247625"
"CLUB UNIÓN","2022-11-18","","1220.10883333"
"CLUB UNIÓN","2022-11-17","","1373.56695652"
"CLUB UNIÓN","2022-11-16","","1546.53891667"
"CLUB UNIÓN","2022-11-15","","1526.15129167"
"CLUB UNIÓN","2022-11-14","","1063.41891667"
"CLUB UNIÓN","2022-11-13","","1201.52245833"
"CLUB UNIÓN","2022-11-12","","1445.95695833"
"CLUB UNIÓN","2022-11-11","","1583.54458333"
"CLUB UNIÓN","2022-11-10","","1438.32591667"
"CLUB UNIÓN","2022-11-09","","1315.21716667"
"CLUB UNIÓN","2022-11-08","","1426.74229167"
"CLUB UNIÓN","2022-11-07","","1089.56333333"
"CLUB UNIÓN","2022-11-06","","970.11158333"
"CLUB UNIÓN","2022-11-05","","1118.45529167"
"CLUB UNIÓN","2022-11-04","","1334.18216667"
"CLUB UNIÓN","2022-11-03","","1764.41358333"
"CLUB UNIÓN","2022-11-02","","1852.00191667"
"CLUB UNIÓN","2022-11-01","","1857.49"
"CLUB UNIÓN","2022-10-25","","750.7895"
"CLUB UNIÓN","2022-10-24","","1118.86770833"
"CLUB UNIÓN","2022-10-23","","1059.71366667"
"CLUB UNIÓN","2022-10-22","","1234.28754167"
"CLUB UNIÓN","2022-10-21","","1356.449875"
"CLUB UNIÓN","2022-10-20","","1272.57325"
"CLUB UNIÓN","2022-10-19","","1275.94583333"
"CLUB UNIÓN","2022-10-18","","1290.42115789"
"CLUB UNIÓN","2022-10-17","","909.35683333"
"CLUB UNIÓN","2022-10-16","","1153.30904167"
"CLUB UNIÓN","2022-10-15","","1309.93883333"
"CLUB UNIÓN","2022-10-14","","1227.20041667"
"CLUB UNIÓN","2022-10-13","","1697.53545455"
"CLUB UNIÓN","2022-10-12","","1487.948"
"CLUB UNIÓN","2022-10-11","","1490.19686957"
"CLUB UNIÓN","2022-10-10","","1272.295375"
"CLUB UNIÓN","2022-10-09","","1107.90582609"
"CLUB UNIÓN","2022-10-08","","1110.383375"
"CLUB UNIÓN","2022-10-07","","1277.562"
"CLUB UNIÓN","2022-10-06","","1147.57579167"
"CLUB UNIÓN","2022-10-05","","1146.700625"
"CLUB UNIÓN","2022-10-04","","1216.86895833"
"CLUB UNIÓN","2022-10-03","","1631.06804167"
"CLUB UNIÓN","2022-10-02","","952.89256522"
"CLUB UNIÓN","2022-10-01","","1155.768125"
"CLUB UNIÓN","2022-09-30","","1126.73245833"
"CLUB UNIÓN","2022-09-29","","898.24777273"
"CLUB UNIÓN","2022-09-28","","1095.75254167"
"CLUB UNIÓN","2022-09-27","","1048.82491667"
"CLUB UNIÓN","2022-09-26","","1200.00291667"
"CLUB UNIÓN","2022-09-25","","793.38791304"
"CLUB UNIÓN","2022-09-24","","999.95991667"
"CLUB UNIÓN","2022-09-23","","1014.754125"
"CLUB UNIÓN","2022-09-22","","1083.94691667"
"CLUB UNIÓN","2022-09-21","","958.266375"
"CLUB UNIÓN","2022-09-20","","1096.01558333"
"CLUB UNIÓN","2022-09-19","","705.58770833"
"CLUB UNIÓN","2022-09-18","","741.077"
"CLUB UNIÓN","2022-09-17","","968.23316667"
"CLUB UNIÓN","2022-09-16","","1049.8415"
"CLUB UNIÓN","2022-09-15","","804.634625"
"CLUB UNIÓN","2022-09-14","","796.08322727"
"CLUB UNIÓN","2022-09-13","","960.90183333"
"CLUB UNIÓN","2022-09-12","","807.20466667"
"CLUB UNIÓN","2022-09-11","","743.52921739"
"CLUB UNIÓN","2022-09-10","","1033.49270833"
"CLUB UNIÓN","2022-09-09","","985.64783333"
"CLUB UNIÓN","2022-09-08","","979.243625"
"CLUB UNIÓN","2022-09-07","","1058.98245833"
"CLUB UNIÓN","2022-09-06","","1207.75166667"
"CLUB UNIÓN","2022-09-05","","979.08454167"
"CLUB UNIÓN","2022-09-04","","818.09704348"
"CLUB UNIÓN","2022-09-03","","960.77091667"
"CLUB UNIÓN","2022-09-02","","1066.44804545"
"CLUB UNIÓN","2022-09-01","","792.97916667"
"CLUB UNIÓN","2022-08-31","","880.7125"
"CLUB UNIÓN","2022-08-30","","971.75833333"
"CLUB UNIÓN","2022-08-29","","939.9875"
"CLUB UNIÓN","2022-08-28","","649.0625"
"CLUB UNIÓN","2022-08-27","","899.16666667"
"CLUB UNIÓN","2022-08-26","","1014.93333333"
"CLUB UNIÓN","2022-08-25","","921.72916667"
"CLUB UNIÓN","2022-08-24","","976.45416667"
"CLUB UNIÓN","2022-08-23","","807.775"
"CLUB UNIÓN","2022-08-22","","770.65"
"CLUB UNIÓN","2022-08-21","","575.23333333"
"CLUB UNIÓN","2022-08-20","","750.80416667"
"CLUB UNIÓN","2022-08-19","","877.47916667"
"CLUB UNIÓN","2022-08-18","","755.7625"
"CLUB UNIÓN","2022-08-17","","679.30833333"
"CLUB UNIÓN","2022-08-16","","577.39166667"
"CLUB UNIÓN","2022-08-15","","487.74166667"
"CLUB UNIÓN","2022-08-14","","617.5625"
"CLUB UNIÓN","2022-08-13","","726.46666667"
"CLUB UNIÓN","2022-08-12","","711.22916667"
"CLUB UNIÓN","2022-08-11","","823.59166667"
"CLUB UNIÓN","2022-08-10","","1403.675"
"CLUB UNIÓN","2022-08-09","","1823.65833333"
"CLUB UNIÓN","2022-08-08","","1802.70833333"
"CLUB UNIÓN","2022-08-07","","1715.42083333"
"CLUB UNIÓN","2022-08-06","","1729.14166667"
"CLUB UNIÓN","2022-08-05","","1784.74166667"
"CLUB UNIÓN","2022-08-04","","1884.7125"
"CLUB UNIÓN","2022-08-03","","1857.40416667"
"CLUB UNIÓN","2022-08-02","","1674.88333333"
"CLUB UNIÓN","2022-08-01","","1732.7625"
"CLUB UNIÓN","2022-07-31","","1528.63333333"
"CLUB UNIÓN","2022-07-30","","1637.82083333"
"CLUB UNIÓN","2022-07-29","","1587.71666667"
"CLUB UNIÓN","2022-07-28","","1436.32083333"
"CLUB UNIÓN","2022-07-27","","1458.17083333"
"CLUB UNIÓN","2022-07-26","","1240.97083333"
"CLUB UNIÓN","2022-07-25","","1133.775"
"CLUB UNIÓN","2022-07-24","","914.12083333"
"CLUB UNIÓN","2022-07-23","","1047.2375"
"CLUB UNIÓN","2022-07-22","","1352.78333333"
"CLUB UNIÓN","2022-07-21","","1317.24583333"
"CLUB UNIÓN","2022-07-20","","1200.55"
"CLUB UNIÓN","2022-07-19","","1232.80416667"
"CLUB UNIÓN","2022-07-18","","1256.25"
"CLUB UNIÓN","2022-07-17","","955.8875"
"CLUB UNIÓN","2022-07-16","","1050.1375"
"CLUB UNIÓN","2022-07-15","","957.18333333"
"CLUB UNIÓN","2022-07-14","","1041.75833333"
"CLUB UNIÓN","2022-07-13","","939.70833333"
"CLUB UNIÓN","2022-07-12","","1032.9625"
"CLUB UNIÓN","2022-07-11","","959.87916667"
"CLUB UNIÓN","2022-07-10","","1083.8625"
"CLUB UNIÓN","2022-07-09","","1256.90416667"
"CLUB UNIÓN","2022-07-08","","1215.50416667"
"CLUB UNIÓN","2022-07-07","","1104.69583333"
"CLUB UNIÓN","2022-07-06","","1289.58333333"
"CLUB UNIÓN","2022-07-05","","1008.53333333"
"CLUB UNIÓN","2022-07-04","","771.6625"
"CLUB UNIÓN","2022-07-03","","772.59166667"
"CLUB UNIÓN","2022-07-02","","856.04583333"
"CLUB UNIÓN","2022-07-01","","1032.55"
"CLUB UNIÓN","2022-06-30","","993.06521739"
"CLUB UNIÓN","2022-06-29","","986.46666667"
"CLUB UNIÓN","2022-06-28","","837.24583333"
"CLUB UNIÓN","2022-06-27","","574.00416667"
"CLUB UNIÓN","2022-06-26","","553.1125"
"CLUB UNIÓN","2022-06-25","","1079.68333333"
"CLUB UNIÓN","2022-06-24","","855.925"
"CLUB UNIÓN","2022-06-23","","849.72916667"
"CLUB UNIÓN","2022-06-22","","562.80833333"
"CLUB UNIÓN","2022-06-21","","1091.04583333"
"CLUB UNIÓN","2022-06-20","","789.66666667"
"CLUB UNIÓN","2022-06-19","","609.67916667"
"CLUB UNIÓN","2022-06-18","","1007.60833333"
"CLUB UNIÓN","2022-06-17","","1022.3875"
"CLUB UNIÓN","2022-06-16","","841.77916667"
"CLUB UNIÓN","2022-06-15","","1084.1875"
"CLUB UNIÓN","2022-06-14","","983.45217391"
"CLUB UNIÓN","2022-06-13","","844.06363636"
"CLUB UNIÓN","2022-06-12","","639.675"
"CLUB UNIÓN","2022-06-11","","817.85833333"
"CLUB UNIÓN","2022-06-10","","903.70416667"
"CLUB UNIÓN","2022-06-09","","810.01666667"
"CLUB UNIÓN","2022-06-08","","681.27916667"
"CLUB UNIÓN","2022-06-07","","721.24583333"
"CLUB UNIÓN","2022-06-06","","950.4625"
"CLUB UNIÓN","2022-06-05","","855.02083333"
"CLUB UNIÓN","2022-06-04","","919.275"
"CLUB UNIÓN","2022-06-03","","990.6875"
"CLUB UNIÓN","2022-06-02","","804.50869565"
"CLUB UNIÓN","2022-06-01","","789.13333333"
"CLUB UNIÓN","2022-05-31","","813.2125"
"CLUB UNIÓN","2022-05-30","","747.5125"
"CLUB UNIÓN","2022-05-29","","821.21666667"
"CLUB UNIÓN","2022-05-28","","1077.79583333"
"CLUB UNIÓN","2022-05-27","","1007.45"
"CLUB UNIÓN","2022-05-26","","1079.34583333"
"CLUB UNIÓN","2022-05-25","","925.93333333"
"CLUB UNIÓN","2022-05-24","","645.20416667"
"CLUB UNIÓN","2022-05-23","","713.38333333"
"CLUB UNIÓN","2022-05-22","","718.0875"
"CLUB UNIÓN","2022-05-21","","703.11666667"
"CLUB UNIÓN","2022-05-20","","699.62916667"
"CLUB UNIÓN","2022-05-19","","857.5125"
"CLUB UNIÓN","2022-05-18","","958.9173913"
"CLUB UNIÓN","2022-05-17","","732.57916667"
"CLUB UNIÓN","2022-05-16","","745.425"
"CLUB UNIÓN","2022-05-15","","817.50833333"
"CLUB UNIÓN","2022-05-14","","659.30833333"
"CLUB UNIÓN","2022-05-13","","833.24583333"
"CLUB UNIÓN","2022-05-12","","751.70416667"
"CLUB UNIÓN","2022-05-11","","679.60833333"
"CLUB UNIÓN","2022-05-10","","687.00833333"
"CLUB UNIÓN","2022-05-09","","905.5875"
"CLUB UNIÓN","2022-05-08","","732.95416667"
"CLUB UNIÓN","2022-05-07","","1458.1625"
"CLUB UNIÓN","2022-05-06","","876.93333333"
"CLUB UNIÓN","2022-05-05","","1456.75555556"
